Callsign,Frequency_MHz,Latitude,Longitude,SiteName,SiteLocation,State,Power_W,WFO,Status
KJY87,162.425,55.2503,-162.763364,Cold Bay,Cold Bay,AK,5,Anchorage|AK,NORMAL
WNG714,162.550,55.349444,-160.4731,Sand Point,Sand Point,AK,300,Anchorage|AK,NORMAL
KJY73,162.525,57.12,-170.281111,Saint Paul Island,Saint Paul Island,AK,5,Anchorage|AK,NORMAL
WXK89,162.550,53.8891,-166.533852,Unalaska,Dutch Harbor,AK,300,Anchorage|AK,NORMAL
KEC43,162.550,61.157038,-149.98741,Anchorage,Anchorage,AK,300,Anchorage|AK,NORMAL
KZZ98,162.400,61.601576,-149.360616,Wasilla,Wasilla,AK,300,Anchorage|AK,NORMAL
WNG675,162.550,60.785455,-161.839479,Bethel,Bethel,AK,1000,Anchorage|AK,NORMAL
KZZ90,162.425,58.066389,-153.376944,Raspberry Island,Raspberry Island,AK,5,Kodiak|AK (WSO),NORMAL
WNG532,162.525,60.275576,-146.638974,Cape Hinchinbrook,Cape Hinchinbrook,AK,5,Anchorage|AK,NORMAL
WXJ79,162.400,60.549944,-145.749552,Cordova,Ski Hill,AK,1000,Anchorage|AK,NORMAL
WNG530,162.500,60.645,-147.346944,East Point,Naked Island,AK,5,Anchorage|AK,NORMAL
KZZ93,162.450,60.817222,-148.38,Point Pigot,Point Pigot,AK,5,Anchorage|AK,NORMAL
WNG527,162.425,61.056543,-146.697377,Potato Point,Potato Point,AK,5,Anchorage|AK,NORMAL
WXJ63,162.550,61.130437,-146.352503,Valdez,Valdez,AK,300,Anchorage|AK,NORMAL
KXI29,162.475,60.7769,-148.69037,Whittier,Whittier,AK,100,Anchorage|AK,NORMAL
KPS503,162.550,62.103876,-146.174541,Glennallen,Glennallen,AK,1000,Anchorage|AK,OUT OF SERVICE
KPS504,162.400,64.581944,-149.079444,Nenana,Nenana,AK,300,Fairbanks|AK,NORMAL
WNG681,162.500,59.0422,-158.455,Dillingham,Dillingham,AK,5,Anchorage|AK,NORMAL
WNG525,162.425,58.8575,-159.465833,Tuklung Mtn.,Tuklung Mtn.,AK,5,Anchorage|AK,NORMAL
WXJ81,162.550,64.8789,-148.0558,Fairbanks,Ester Dome,AK,700,Fairbanks|AK,NORMAL
WXM97,162.400,59.247378,-135.435426,Haines,Haines,AK,300,Juneau|AK,NORMAL
KZZ86,162.425,58.09323,-136.4146,Althorp Peak,Althorp Peak,AK,5,Juneau|AK,NORMAL
WXJ25,162.550,58.301746,-134.42035,Juneau,Juneau,AK,300,Juneau|AK,NORMAL
KZZ87,162.450,58.226944,-134.841667,Mt. Robert Barron,Mt. Robert Barron,AK,5,Juneau|AK,NORMAL
KZZ88,162.425,57.204722,-133.465833,Cape Fanshaw,Cape Fanshaw,AK,5,Juneau|AK,NORMAL
WNG528,162.450,59.310278,-151.943889,Bede Mountain,Bede Mountain,AK,5,Anchorage|AK,NORMAL
WXJ24,162.400,59.68081,-151.61774,Homer,Diamond Ridge,AK,800,Anchorage|AK,NORMAL
KZZ97,162.550,60.043337,-151.676849,Ninilchik,Ninilchik,AK,300,Anchorage|AK,NORMAL
WNG526,162.425,59.860661,-149.39478,Rugged Island,Rugged Island,AK,5,Anchorage|AK,NORMAL
KEC81,162.550,60.089345,-149.352763,Seward,Spring Creek,AK,300,Anchorage|AK,NORMAL
WWG39,162.475,60.48942,-151.0713,Soldotna,Soldotna,AK,300,Anchorage|AK,NORMAL
KZZ92,162.450,54.883333,-131.358333,Duke Island,Duke Island,AK,5,Juneau|AK,NORMAL
KZZ96,162.525,55.3675,-131.8,Gravina Island,Gravina Island,AK,5,Juneau|AK,NORMAL
WXJ26,162.550,55.460822,-131.810428,Ketchikan,Point Higgins,AK,500,Juneau|AK,NORMAL
WNG529,162.500,58.199694,-154.205084,Cape Gull,Cape Gull,AK,5,Kodiak|AK (WSO),NORMAL
WXJ78,162.550,57.7344,-152.5014,Kodiak,Woman's Bay,AK,1000,Kodiak|AK (WSO),NORMAL
WNG716,162.500,58.235833,-151.820833,Marmot Island,Marmot Island,AK,5,Kodiak|AK (WSO),NORMAL
WZ2556,162.525,57.3728,-154.6264,Middle Cape,Kodiak Island,AK,5,Kodiak|AK (WSO),NORMAL
WNG531,162.525,57.788202,-152.437856,Pillar Mtn.,Pillar Mtn.,AK,5,Kodiak|AK (WSO),NORMAL
WNG718,162.450,56.559444,-154.182222,Sitkinak Dome,Sitkinak Dome,AK,5,Kodiak|AK (WSO),NORMAL
WXJ62,162.550,64.486667,-165.3025,Nome,Fort Davis,AK,1000,Fairbanks|AK,NORMAL
KZZ53,162.550,71.288352,-156.762283,Utqiagvik,Utqiagvik,AK,300,Fairbanks|AK,NORMAL
KWN30,162.550,66.8861,-162.613611,Kotzebue,Kotzebue,AK,1000,Fairbanks|AK,DEGRADED
KAD96,162.500,57.105556,-134.816944,Manleyville,Manleyville,AK,5,Juneau|AK,NORMAL
KXI80,162.475,55.474069,-133.137279,Craig,Craig,AK,300,Juneau|AK,NORMAL
KZZ89,162.425,55.111944,-132.758611,Sukkwan Island,Sukkwan Island,AK,5,Juneau|AK,NORMAL
WZ2555,162.525,57.5228,-135.4617,Duffield Peninsula,Duffield Peninsula,AK,5,Juneau|AK,NORMAL
KZZ95,162.525,56.069167,-134.191944,Mt. McArthur,Mt. McArthur,AK,5,Juneau|AK,NORMAL
WXJ80,162.550,57.0472,-135.3669,Sitka,Biorka Island,AK,500,Juneau|AK,NORMAL
WXJ83,162.400,56.472495,-132.386953,Wrangell,Wrangell,AK,1000,Juneau|AK,NORMAL
KZZ91,162.450,56.345278,-132.861389,Zarembo Island,Zarembo Island,AK,5,Juneau|AK,NORMAL
WXK69,162.400,59.510673,-139.671921,Yakutat,Monti Bay,AK,500,Juneau|AK,NORMAL
WNG607,162.425,31.877222,-86.728333,Greenville,Greenville,AL,300,Mobile|AL,NORMAL
KIH55,162.400,32.381944,-86.292583,Montgomery,WAIQ TV,AL,911,Birmingham|AL,NORMAL
WNG635,162.450,32.5256,-86.9828,Selma,Selma,AL,1000,Birmingham|AL,NORMAL
WWF55,162.500,31.594722,-87.845278,Jackson,ToddTown,AL,1000,Mobile|AL,NORMAL
KEC61,162.550,30.659444,-87.8925,Mobile,Mobile,AL,1000,Mobile|AL,NORMAL
KEC86,162.400,30.588611,-87.070556,Pensacola,Milton,FL,1000,Mobile|AL,NORMAL
KIH56,162.475,31.718056,-85.434139,Louisville,Texasville,AL,1000,Birmingham|AL,NORMAL
KIH54,162.550,33.489083,-86.799306,Birmingham,WBIQ TV,AL,1020,Birmingham|AL,NORMAL
KIH60,162.400,33.214167,-87.489972,Tuscaloosa,Holt,AL,1000,Birmingham|AL,NORMAL
WNG606,162.425,33.985861,-86.459972,Oneonta,Oneonta,AL,315,Birmingham|AL,NORMAL
WWF54,162.525,32.622078,-85.501314,Auburn,Auburn,AL,1000,Birmingham|AL,NORMAL
KIH59,162.550,31.554444,-86.392222,Dozier,Dozier,AL,1000,Mobile|AL,NORMAL
KIH58,162.475,33.485139,-85.808889,Anniston,Mt. Cheaha,AL,299,Birmingham|AL,NORMAL
KXI76,162.450,33.021361,-84.997833,La Grange,La Grange,GA,324,Peachtree City|GA,NORMAL
WWF44,162.500,34.613611,-85.680278,Henagar,Pea Ridge,AL,1000,Huntsville|AL,NORMAL
WXJ72,162.450,34.469028,-85.297306,Summerville,Taylors Ridge,GA,302,Peachtree City|GA,NORMAL
WXL72,162.475,32.362389,-87.87525,Demopolis,Jefferson,AL,1440,Birmingham|AL,NORMAL
KIH49,162.550,32.1386,-89.093694,Meridian,Rose Hill,MS,1000,Jackson|MS,NORMAL
WWH20,162.450,30.8275,-85.926944,Westville,Westville,FL,1000,Tallahassee|FL,NORMAL
KIH57,162.475,34.5839,-87.7872,Florence,Crooked Oak,AL,1000,Huntsville|AL,NORMAL
WNG646,162.475,31.264722,-87.125833,Brewton,Brewton,AL,1000,Mobile|AL,NORMAL
WNG642,162.525,34.3444,-86.4389,Arab,Marshall County,AL,300,Huntsville|AL,NORMAL
WWF66,162.450,34.171389,-86.844167,Cullman,Cullman,AL,300,Huntsville|AL,NORMAL
KIH20,162.400,34.737778,-86.533889,Huntsville,Huntsville,AL,1000,Huntsville|AL,NORMAL
WWF53,162.525,33.937139,-87.875111,Winfield,Guin,AL,850,Birmingham|AL,NORMAL
KZZ70,162.525,31.402222,-84.959167,Blakely,Blakely,GA,1000,Tallahassee|FL,NORMAL
WNG633,162.425,30.639167,-84.979722,Sneads,Sneads (AG),FL,1000,Tallahassee|FL,NORMAL
WNG554,162.525,35.0875,-86.111667,Winchester,Belvidere,TN,1000,Huntsville|AL,NORMAL
KUT404,162.450,33.839167,-88.5739,Aberdeen,Hatley,MS,300,Memphis|TN,NORMAL
WZ2506,162.500,35.2736,-87.9322,Clifton,Cypress Inn (AG),TN,1020,Nashville|TN,NORMAL
WXM32,162.400,32.4667,-85.0561,Columbus,Phenix City,AL,1000,Peachtree City|GA,NORMAL
WNG640,162.425,31.176667,-88.597222,Leakesville,Green County,MS,1000,Mobile|AL,NORMAL
WXJ55,162.550,34.799722,-92.499444,Little Rock,Shinall Mtn.,AR,1000,Little Rock|AR,NORMAL
WXJ54,162.400,33.954306,-91.878972,Star City,Star City,AR,900,Little Rock|AR,NORMAL
WNG725,162.525,33.128333,-92.469278,El Dorado,El Dorado,AR,1050,Shreveport|LA,NORMAL
KGG86,162.475,33.3894,-91.853889,Fountain Hill,Fountain Hill,AR,1000,Jackson|MS,OUT OF SERVICE
WXL66,162.450,35.813111,-92.290028,Mountain View,Fox,AR,1000,Little Rock|AR,NORMAL
WWG54,162.500,36.202639,-92.558111,Yellville,Rea Valley,AR,850,Little Rock|AR,NORMAL
WXJ52,162.475,35.814333,-94.028194,Fayetteville,Winslow,AR,1000,Tulsa|OK,NORMAL
WWH38,162.525,36.455,-94.779167,Grove,Grove,OK,300,Tulsa|OK,NORMAL
WNG694,162.400,36.179444,-94.086111,Springdale,Washington County,AR,300,Tulsa|OK,NORMAL
WXN92,162.525,36.1692,-93.2497,Harrison,Harrison,AR,1000,Little Rock|AR,NORMAL
WXJ48,162.475,33.907389,-93.113056,Gurdon,Gurdon,AR,1000,Little Rock|AR,NORMAL
KIH50,162.425,33.376306,-90.542278,Inverness,Inverness,MS,1045,Jackson|MS,NORMAL
KXI92,162.425,34.4728,-93.605,High Peak,Mt. Ida,AR,300,Little Rock|AR,NORMAL
WXJ51,162.550,35.9039,-90.7706,Jonesboro,Bono,AR,900,Memphis|TN,NORMAL
WWG47,162.525,36.364222,-89.864083,Wardell,Gideon,MO,1080,Memphis|TN,NORMAL
KXI96,162.400,35.3811,-91.524667,Russell,Bald Knob,AR,1200,Little Rock|AR,NORMAL
WXJ49,162.550,33.448,-94.066833,Texarkana,Texarkana,TX,500,Shreveport|LA,NORMAL
KXI91,162.475,35.165194,-92.714333,Morrilton,Morrilton,AR,387,Little Rock|AR,NORMAL
WWF96,162.525,35.218306,-93.256056,Russellville,Mt. Nebo,AR,311,Little Rock|AR,NORMAL
WXJ50,162.550,35.294417,-94.305278,Fort Smith,Ft. Chaffee,AR,750,Tulsa|OK,NORMAL
WXK49,162.475,35.181278,-89.832306,Memphis,Memphis,TN,1125,Memphis|TN,NORMAL
WNG639,162.475,36.259472,-91.693417,Cherokee Village,Agnos - Ash Flat,AR,313,Little Rock|AR,NORMAL
KXI97,162.400,34.4545,-94.143333,Mena,Eagle Mtn./Bald Knob,AR,307,Little Rock|AR,NORMAL
WXJ65,162.450,34.245944,-94.783139,Broken Bow,Choctaw,OK,1030,Shreveport|LA,NORMAL
WWH30,162.500,36.057611,-89.440944,Dyersburg,Dyersburg,TN,1230,Memphis|TN,NORMAL
WNG643,162.525,34.6225,-90.979056,Marvell,Phillips County,AR,1070,Memphis|TN,NORMAL
WZ2529,162.550,-14.317067,-170.76402,Mt. Olotele,Mt. Olotele,AS,300,Pago Pago|AS (WSO),NORMAL
WNG710,162.400,-14.330556,-170.714167,Pago Pago,Pago Pago,AS,300,Pago Pago|AS (WSO),NORMAL
KXI23,162.525,34.1119,-109.574553,Greer,Greens Peak,AZ,300,Flagstaff|AZ,NORMAL
WXM89,162.550,37.034444,-110.868611,Lake Powell,Navajo Mountain,UT,100,Salt Lake City|UT,NORMAL
WWF99,162.550,35.761034,-109.167805,Window Rock,Piney Hill,AZ,100,Flagstaff|AZ,NORMAL
KXI24,162.475,32.649444,-109.849167,Safford,Solomon,AZ,80,Tucson|AZ,NORMAL
WXK76,162.400,35.2414,-111.5975,Flagstaff,Mt Elden,AZ,100,Flagstaff|AZ,NORMAL
WWF52,162.475,36.07168,-112.154731,Grand Canyon,Hopi Point,AZ,100,Flagstaff|AZ,NORMAL
WWG41,162.425,33.905088,-111.408429,Payson Gila County N.,Mt. Ord,AZ,150,Flagstaff|AZ,NORMAL
WWF98,162.525,34.70121,-112.11801,Prescott,Mingus Mtn.,AZ,100,Flagstaff|AZ,NORMAL
WWG42,162.500,33.293056,-110.835833,Globe,Signal Peak,AZ,70,Phoenix|AZ,NORMAL
KXI83,162.425,35.094191,-113.905661,Kingman,Hayden Peak,AZ,100,Las Vegas|NV,NORMAL
KXI84,162.400,34.616667,-114.270556,Lake Havasu,Ram Mtn.,AZ,100,Las Vegas|NV,NORMAL
KEC94,162.550,33.332778,-112.066944,Phoenix,South Mtn.,AZ,347,Phoenix|AZ,NORMAL
KQC45,162.500,35.247222,-114.743333,Bullhead City,Spirit Mtn.,NV,200,Las Vegas|NV,NORMAL
WWF51,162.475,37.155,-113.88,St. George,Utah Hill,UT,100,Salt Lake City|UT,NORMAL
WXL30,162.400,32.440778,-110.788139,Tucson,Mt. Lemmon,AZ,146,Tucson|AZ,NORMAL
WNG703,162.500,31.338194,-110.953111,Nogales,Crawford Hill,AZ,104,Tucson|AZ,NORMAL
WXL87,162.550,33.0536,-114.8278,Yuma,Black Mtn.,CA,100,Phoenix|AZ,NORMAL
WNG655,162.425,37.8814,-121.915556,Contra Costa County,Mt. Diablo,CA,100,San Francisco|CA,NORMAL
WWF64,162.450,37.155,-121.8983,Monterey Marine,Mt. Umunhum,CA,100,San Francisco|CA,NORMAL
KEC49,162.550,37.155,-121.8983,Monterey,Mt. Umunhum,CA,300,San Francisco|CA,NORMAL
KHB49,162.400,37.450556,-122.338333,San Francisco,Mount Pise,CA,300,San Francisco|CA,OUT OF SERVICE
WXK58,162.550,39.3131,-119.8836,Reno,Slide Mtn.,NV,300,Reno|NV,NORMAL
KEC57,162.550,38.5806,-120.615,Sacramento,Fairplay,CA,300,Sacramento|CA,NORMAL
WWF67,162.400,39.133056,-121.099167,Grass Valley,Wolf Creek Mtn.,CA,100,Sacramento|CA,NORMAL
WXL88,162.550,40.654444,-122.523611,Redding,South Fork Mtn.,CA,100,Sacramento|CA,NORMAL
KDX54,162.500,38.059722,-122.605556,Big Rock Ridge,N. San Francisco Bay,CA,75,San Francisco|CA,NORMAL
KIH37,162.550,42.1264,-124.2272,Brookings,Palmer Butte,OR,500,Eureka|CA,NORMAL
WXL89,162.550,35.706194,-118.560306,Bakersfield,Shirley Peak,CA,100,Hanford|CA,NORMAL
KIH62,162.400,36.74569,-119.283556,Fresno,Bear Mtn.,CA,300,Hanford|CA,NORMAL
KEC82,162.400,40.4175,-124.119167,Eureka,Mt. Pierce,CA,300,Eureka|CA,NORMAL
WZ2550,162.450,40.8739,-123.73351,Willow Creek,Willow Creek,CA,150,Eureka|CA,NORMAL
WNG712,162.525,33.654889,-115.990222,Coachella / Spanish,Riverside County,CA,96,San Diego|CA,NORMAL
KIG78,162.400,33.654889,-115.990222,Coachella,Riverside County,CA,104,San Diego|CA,NORMAL
WZ2524,162.425,37.3708,-118.3672,Bishop,Bishop,CA,100,Las Vegas|NV,NORMAL
WNG659,162.425,35.4775,-117.700278,El Paso Mtns.,Ridgecrest,CA,300,Hanford|CA,NORMAL
WNG634,162.400,35.965,-115.500833,Pahrump,Mt Potosi,NV,100,Las Vegas|NV,NORMAL
WNG720,162.525,39.326667,-123.270833,Ukiah,Laughlin Range,CA,300,Eureka|CA,NORMAL
WWG20,162.450,39.754167,-119.462222,Fernley,Virginia Peak,NV,150,Reno|NV,NORMAL
WZ2530,162.500,40.446389,-120.358056,Susanville,Shaffer Mtn,CA,100,Reno|NV,NORMAL
WNG584,162.525,33.343278,-118.321667,Avalon,Catalina Island,CA,146,Los Angeles|CA,NORMAL
KWO37,162.550,34.268722,-118.237694,Los Angeles,Mt. Lukens/Tujunga,CA,340,Los Angeles|CA,NORMAL
KWL22,162.425,34.0144,-118.812,Malibu Marine,Point Dume,CA,300,Los Angeles|CA,NORMAL
WZ2505,162.425,34.743611,-118.724917,Sandberg,Sandberg,CA,65,Los Angeles|CA,NORMAL
KAD94,162.450,37.712778,-119.704722,Yosemite,Turtleback Dome,CA,85,Hanford|CA,NORMAL
KIH30,162.550,39.022222,-123.521389,Point Arena,Cold Springs Peak,CA,300,Eureka|CA,NORMAL
WXL97,162.550,42.243056,-121.705,Klamath Falls,Hogback Mtn.,OR,100,Medford|OR,NORMAL
WNG595,162.525,38.088333,-119.176944,Conway Summit,Bridgeport,CA,300,Reno|NV,NORMAL
WWF59,162.475,38.457222,-118.763611,Hawthorne,Corey Peak,NV,100,Reno|NV,NORMAL
WWG21,162.450,33.817639,-117.635861,Santa Ana,Beeks Place,CA,100,San Diego|CA,NORMAL
WXM66,162.500,34.232361,-117.234694,Victorville,San Bernardino National Forest,CA,76,San Diego|CA,NORMAL
WNG637,162.425,32.840056,-117.253028,San Diego Marine,Mount Soledad (La Jolla),CA,60,San Diego|CA,NORMAL
KEC62,162.400,33.0089,-116.972194,San Diego,Mt. Woodson,CA,102,San Diego|CA,NORMAL
KIH31,162.550,35.360694,-120.656972,San Luis Obispo,Cuesta Peak/Santa Margarita,CA,365,Los Angeles|CA,NORMAL
WNG592,162.525,35.685111,-121.167222,San Simeon,San Simeon,CA,128,Los Angeles|CA,NORMAL
WWF62,162.475,34.525056,-119.958972,Santa Barbara Marine,Broadcast Peak,CA,80,Los Angeles|CA,NORMAL
KIH34,162.400,34.525,-119.9589,Santa Barbara,Broadcast Peak,CA,369,Los Angeles|CA,NORMAL
WWF97,162.475,42.081111,-122.716111,Mt. Ashland,Ashland,OR,100,Medford|OR,NORMAL
WZ2504,162.475,38.348333,-122.578056,Sonoma County,Sonoma County,CA,100,San Francisco|CA,NORMAL
WXJ45,162.500,39.594594,-103.990045,Deer Trail,Deer Trail,CO,100,Boulder|CO,NORMAL
KEC76,162.550,39.692087,-104.936663,Denver,Glendale,CO,330,Boulder|CO,NORMAL
WNG550,162.450,39.370134,-104.679368,Franktown,Franktown,CO,300,Boulder|CO,NORMAL
WXM51,162.475,40.240081,-105.055268,Mead/Longmont,Highland,CO,100,Boulder|CO,NORMAL
WXM54,162.475,37.729444,-106.588056,Alamosa,Agua Ramon Mountain,CO,300,Pueblo|CO,NORMAL
KWN54,162.425,37.363889,-107.7825,Durango,Durango,CO,300,Grand Junction|CO,NORMAL
KWN60,162.525,38.0381,-102.4297,Lamar,Prowers County,CO,1000,Pueblo|CO,NORMAL
WNG664,162.400,37.41,-102.626944,Springfield,Baca County,CO,1000,Pueblo|CO,NORMAL
WWG23,162.500,37.908728,-103.437073,La Junta,Miller Mesa,CO,100,Pueblo|CO,NORMAL
WWF77,162.525,39.272222,-102.398333,Bethune,Bethune,CO,100,Goodland|KS,NORMAL
WWG44,162.425,38.180278,-104.021944,Fowler,Olney Spring,CO,100,Pueblo|CO,NORMAL
WXM52,162.400,38.275556,-104.598611,Pueblo,Pueblo,CO,300,Pueblo|CO,NORMAL
WNG579,162.450,37.641389,-104.773056,Walsenburg,Walsenburg,CO,300,Pueblo|CO,NORMAL
KXI90,162.450,38.338056,-107.638333,Montrose,Buckhorn Lakes,CO,300,Grand Junction|CO,NORMAL
WNG687,162.450,37.839722,-109.460556,Monticello,Monticello,UT,300,Grand Junction|CO,NORMAL
WZ2518,162.450,39.775,-106.846389,Eagle,Eagle,CO,100,Grand Junction|CO,NORMAL
WWG43,162.500,39.425556,-107.379167,Glenwood Springs,Sunlight Peak,CO,100,Grand Junction|CO,NORMAL
WXM56,162.475,38.7425,-104.8647,Colorado Springs,Cheyenne Mountain,CO,100,Pueblo|CO,OUT OF SERVICE
WWH32,162.450,39.095514,-103.236994,Boyero,Boyero,CO,100,Boulder|CO,NORMAL
KJY81,162.500,38.515278,-105.3075,Canon City,Canon City,CO,300,Pueblo|CO,NORMAL
WXM55,162.550,39.0836,-108.2194,Grand Junction,Rapid Creek,CO,300,Grand Junction|CO,NORMAL
WZ2544,162.500,40.060274,-105.990851,North Cottonwood,Granby,CO,300,Boulder|CO,NORMAL
KWN56,162.525,40.354444,-106.698889,Steamboat Springs,Walton Peak,CO,300,Grand Junction|CO,NORMAL
WXJ37,162.475,36.695833,-108.220556,Farmington,Farmington,NM,300,Albuquerque|NM,NORMAL
WXM92,162.450,40.570302,-105.079238,Fort Collins/Ault,Black Hollow,CO,300,Boulder|CO,NORMAL
WXM50,162.400,40.485747,-104.349355,Greeley,Point of Rocks,CO,300,Boulder|CO,NORMAL
KWN40,162.525,40.244425,-103.8978,Fort Morgan,Fort Morgan,CO,300,Boulder|CO,NORMAL
WXM53,162.400,40.615087,-103.031822,Sterling,Sterling,CO,300,Boulder|CO,NORMAL
WNG737,162.400,39.616803,-106.110006,Dillon,Dillon,CO,300,Boulder|CO,NORMAL
KJY84,162.425,39.704672,-103.254062,Anton,Anton,CO,300,Boulder|CO,NORMAL
WXM87,162.475,40.054167,-102.225556,Wray,Wray,CO,100,Goodland|KS,NORMAL
WWH33,162.500,41.821111,-73.296667,Cornwall,Mohawk Mtn.,CT,500,Albany|NY,NORMAL
WXJ42,162.400,41.563056,-72.845,Meriden,West Peak,CT,500,New York|NY,NORMAL
KWO35,162.550,40.748477,-73.9853,New York City,Empire State Building,NY,1000,New York|NY,NORMAL
WXM80,162.475,40.8825,-72.715278,Riverhead,Riverhead,NY,500,New York|NY,NORMAL
WXJ41,162.475,41.958611,-72.413611,Hartford,Soapstone Mtn.,CT,300,Boston/Norton|MA,NORMAL
KHB47,162.550,41.440833,-72.141389,New London,Uncasville,CT,500,New York|NY,NORMAL
WXL37,162.475,41.7192,-73.996389,Highland,Illinois Mtn.,NY,1000,Albany|NY,NORMAL
WXL93,162.550,42.303889,-71.8975,Worcester,Paxton,MA,500,Boston/Norton|MA,NORMAL
KEC83,162.400,39.386349,-76.730772,Baltimore,Pikesville,MD,1000,Baltimore/Washington|VA,NORMAL
KHB36,162.550,38.628722,-77.438833,Manassas,Independent Hill,VA,1010,Baltimore/Washington|VA,NORMAL
WNG736,162.450,38.993013,-77.030766,Washington DC,Silver Spring,MD,300,Baltimore/Washington|VA,NORMAL
WXJ94,162.550,38.6269,-75.2317,Lewes,Green Hill,DE,500,Philadelphia/Mt Holly|NJ,NORMAL
WXK97,162.500,39.175389,-75.918278,Sudlersville,Sudlersville,MD,1100,Philadelphia/Mt Holly|NJ,NORMAL
WNG704,162.425,40.0239,-75.8128,Hibernia Park,Chester County,PA,790,Philadelphia/Mt Holly|NJ,NORMAL
KIH28,162.475,39.9517,-75.160833,Philadelphia,Philadelphia,PA,1000,Philadelphia/Mt Holly|NJ,NORMAL
KEC92,162.475,38.504444,-75.643056,Salisbury,Delmar,DE,1000,Wakefield|VA,NORMAL
WXJ60,162.475,29.7094,-82.3903,Gainesville,Northwood,FL,1000,Jacksonville|FL,NORMAL
KHB39,162.550,30.2761,-81.5647,Jacksonville,Jacksonville,FL,1000,Jacksonville|FL,NORMAL
KGG67,162.550,30.1472,-85.7128,Panama City,Courtney Point,FL,1000,Tallahassee|FL,NORMAL
KIH26,162.400,29.1737,-81.157,Daytona Beach,Bumcombe Hill,FL,1000,Melbourne|FL,NORMAL
WXJ70,162.550,28.2283,-80.7567,Melbourne,Melbourne,FL,1000,Melbourne|FL,NORMAL
KIH63,162.475,28.5943,-81.4199,Orlando,Orlando,FL,1000,Melbourne|FL,NORMAL
WZ2531,162.500,25.8397,-80.2925,Hialeah Spanish,Hialeah,FL,300,Miami|FL,NORMAL
KHB34,162.550,25.967861,-80.209333,Miami,Miami/Andover,FL,1100,Miami|FL,NORMAL
KEC50,162.475,26.749722,-80.0675,West Palm Beach,Mangonia Park,FL,1000,Miami|FL,NORMAL
WXK83,162.475,26.62966,-81.8103,Fort Myers,Fort Myers,FL,1000,Tampa Bay Area|FL,NORMAL
WWG59,162.400,27.133056,-82.394444,Venice,Venice,FL,1000,Tampa Bay Area|FL,NORMAL
WWF38,162.400,28.8436,-82.484611,Inverness,Lecanto,FL,300,Tampa Bay Area|FL,NORMAL
KWN38,162.550,29.284444,-82.663889,Morriston,Gulf Hammock,FL,1000,Tampa Bay Area|FL,NORMAL
KPS505,162.500,28.763889,-82.059722,Sumterville,Sumterville,FL,1000,Tampa Bay Area|FL,NORMAL
WNG522,162.425,29.7375,-81.6691,Palatka,Palatka,FL,300,Jacksonville|FL,NORMAL
WWG92,162.525,26.183111,-81.574722,Naples,Naples,FL,1110,Miami|FL,NORMAL
KEB97,162.400,30.1939,-82.6347,Lake City,Lake City,FL,300,Jacksonville|FL,NORMAL
WWF88,162.425,29.912944,-83.444167,Salem,Salem,FL,1000,Tallahassee|FL,NORMAL
WWF86,162.500,29.7325,-84.89,East Point,East Point,FL,250,Tallahassee|FL,NORMAL
KIH24,162.400,30.566667,-84.043889,Tallahassee,Tallahassee,FL,1000,Tallahassee|FL,NORMAL
WXM58,162.400,26.661111,-80.636611,Belle Glade,Belle Glade,FL,344,Miami|FL,NORMAL
WWH31,162.500,30.970278,-83.286667,Valdosta,Hahira,GA,1000,Tallahassee|FL,NORMAL
WXK83A,162.500,27.561928,-81.49364,Sebring,Avon Park,FL,1000,Tampa Bay Area|FL,NORMAL
KHB32,162.550,27.842533,-82.262472,Tampa Bay,Ruskin,FL,1000,Tampa Bay Area|FL,NORMAL
KEC38,162.450,27.848056,-82.763333,Largo,Seminole,FL,1000,Tampa Bay Area|FL,NORMAL
WWF69,162.425,27.4489,-80.4089,Fort Pierce,Fort Pierce,FL,875,Melbourne|FL,NORMAL
WWF85,162.525,29.178065,-82.15912,Ocala,Ocala,FL,250,Jacksonville|FL,NORMAL
WNG663,162.425,25.537583,-80.403639,Princeton,Homestead,FL,376,Miami|FL,NORMAL
WXJ95,162.400,24.6598,-81.5383,Key West,Summerland Key,FL,300,Key West|FL,NORMAL
WWG60,162.450,24.8957,-80.6638,Tea Table Key,Tea Table Key,FL,300,Key West|FL,NORMAL
WXM65,162.525,31.929722,-82.345,Baxley,Plant Hatch,GA,300,Jacksonville|FL,OUT OF SERVICE
WXJ28,162.450,31.674167,-81.886667,Jesup,Jesup,GA,300,Jacksonville|FL,NORMAL
WXK75,162.475,31.221389,-82.573333,Waycross,Hasty,GA,500,Jacksonville|FL,NORMAL
WXK53,162.550,31.1358,-84.1044,Pelham,Pelham,GA,1000,Tallahassee|FL,NORMAL
KXI89,162.525,33.3083,-83.390306,Eatonton,Eatonton,GA,1000,Peachtree City|GA,NORMAL
KXI28,162.450,32.981444,-82.80525,Sandersville,Sandersville,GA,1020,Peachtree City|GA,NORMAL
WXK56,162.400,34.0836,-83.322111,Athens,Neese,GA,500,Peachtree City|GA,NORMAL
KXI81,162.450,34.8456,-83.4997,Clayton,Clayton-Tiger,GA,300,Greenville-Spartanburg|SC,NORMAL
WXJ53,162.525,34.509472,-83.806639,Cleveland,Wauka Mtn.,GA,299,Peachtree City|GA,NORMAL
WWH24,162.425,34.529444,-83.376111,Toccoa,Currahee Mtn.,GA,100,Greenville-Spartanburg|SC,NORMAL
WWH23,162.425,33.784,-85.161444,Buchanan,Buchanan,GA,1030,Peachtree City|GA,NORMAL
WXK52,162.400,34.751667,-84.715,Chatsworth,Cohutta Mtn.,GA,200,Peachtree City|GA,NORMAL
KXI77,162.400,32.217583,-83.224944,Eastman,Eastman,GA,1050,Peachtree City|GA,NORMAL
WXK71,162.475,32.805278,-83.538889,Macon,GA Forrestry Comm.,GA,1000,Peachtree City|GA,NORMAL
WXJ31,162.500,32.986278,-84.365667,Thomaston,Thomaston,GA,1040,Peachtree City|GA,NORMAL
WWH39,162.425,31.194167,-81.491667,Brunswick,Arco,GA,300,Jacksonville|FL,NORMAL
KEC85,162.400,32.3289,-80.9378,Savannah,Ridgeland,SC,1000,Charleston|SC,NORMAL
WWH25,162.425,32.394791,-82.042997,Metter,Metter,GA,1000,Charleston|SC,NORMAL
WXK54,162.550,33.2592,-82.285833,Augusta,Wrens,GA,1000,Columbia|SC,NORMAL
KHC29,162.500,33.187679,-81.397073,Barnwell,Barnwell,SC,1000,Columbia|SC,NORMAL
WXK48,162.550,35.2072,-85.2864,Chattanooga,Chattanooga,TN,1000,Morristown|TN,NORMAL
WXJ23,162.450,32.712222,-80.680278,Beaufort,Green Pond,SC,500,Charleston|SC,NORMAL
KEC80,162.550,33.80525,-84.144333,Atlanta,Stone Mtn.,GA,569,Peachtree City|GA,NORMAL
WNG627,162.450,33.5717,-81.6969,Aiken,Aiken,SC,300,Columbia|SC,NORMAL
KHC28,162.425,33.9975,-82.051944,Kirksey,Greenwood County,SC,1000,Columbia|SC,NORMAL
WXJ30,162.425,32.0625,-84.2125,Americus,Americus,GA,1000,Peachtree City|GA,NORMAL
KWN50,162.450,31.639444,-83.749444,Ashburn,Ashburn,GA,300,Tallahassee|FL,NORMAL
KXI75,162.475,34.8675,-84.333889,Blue Ridge,Blue Ridge,GA,300,Peachtree City|GA,NORMAL
KXI22,162.500,34.874167,-83.811944,Brasstown Bald,Brasstown Bald Mtn.,GA,100,Peachtree City|GA,NORMAL
KPS506,162.500,33.721583,-82.722333,Washington,Wilkes County,GA,319,Peachtree City|GA,NORMAL
WXM85,162.400,13.4333,144.7125,Guam,Mount Alutom,GU,300,Guam|GU,NORMAL
WWG76,162.550,19.554529,-155.308812,Kulani Cone,Kulani Cone (Hawaii),HI,1000,Honolulu|HI,NORMAL
WWG75,162.400,20.707361,-156.258611,Maui,Mt. Haleakala,HI,300,Honolulu|HI,NORMAL
WZ2540,162.500,20.125361,-155.7778,North Kohala,Kamuela,HI,300,Honolulu|HI,NORMAL
WWG27,162.550,19.002584,-155.674811,South Point,South Point,HI,300,Honolulu|HI,NORMAL
WWF39,162.450,21.320528,-157.682008,Hawaii Kai,Hawaii Kai,HI,300,Honolulu|HI,NORMAL
KBA99,162.550,21.508442,-158.147742,Oahu,Mt. Kaala,HI,1000,Honolulu|HI,NORMAL
WWG74,162.400,22.1197,-159.6672,Kauai,Waimea (Koke'e),HI,1000,Honolulu|HI,NORMAL
WZ2557,162.450,21.987257,-159.338519,Lihue,Lihue,HI,150,Honolulu|HI,NORMAL
WXL57,162.550,41.8094,-93.621583,Des Moines,Johnston,IA,1020,Des Moines|IA,NORMAL
KZZ52,162.525,41.34425,-95.256028,Hancock/Pottawattam,Hancock,IA,750,Omaha/Valley|NE,NORMAL
KXI65,162.450,40.842306,-94.632556,Lenox,Lenox,IA,302,Des Moines|IA,NORMAL
KXI60,162.525,43.2875,-91.8844,Decorah,Decorah,IA,300,La Crosse|WI,NORMAL
WXJ86,162.550,43.804722,-91.368333,LaCrescent,LaCrescent,MN,1000,La Crosse|WI,NORMAL
WWG86,162.500,42.902385,-90.946542,Prairie Du Chien,Bloomington,WI,1000,La Crosse|WI,NORMAL
WXN91,162.425,40.81925,-92.904,Lake Rathbun,Lake Rathbun,IA,301,Des Moines|IA,NORMAL
WXM36,162.550,40.497778,-92.528889,Lancaster,Lancaster,MO,300,Kansas City|MO,NORMAL
KZZ51,162.425,42.049028,-94.8844,Carroll,Carroll,IA,1250,Des Moines|IA,NORMAL
WXL61,162.475,41.909167,-91.654722,Cedar Rapids,Cedar Rapids,IA,1000,Quad Cities|IA,NORMAL
WXL94,162.550,42.772583,-92.376778,Waterloo,Bremer,IA,900,Des Moines|IA,NORMAL
WXK84,162.400,42.456778,-94.221889,Fort Dodge,Fort Dodge,IA,260,Des Moines|IA,NORMAL
KJY64,162.450,42.479722,-91.346111,Delaware,Delaware County,IA,300,Quad Cities|IA,NORMAL
KWN47,162.450,42.6497,-95.2119,Storm Lake,Lakeside,IA,301,Sioux Falls|SD,NORMAL
WNG666,162.525,42.505,-93.263167,Iowa Falls,Hampton,IA,301,Des Moines|IA,NORMAL
WNG668,162.550,42.0458,-95.319889,Denison,Denison,IA,300,Des Moines|IA,NORMAL
KZZ83,162.425,42.090556,-90.726944,Maquoketa,Jackson,IA,300,Quad Cities|IA,NORMAL
WXJ73,162.550,41.51,-90.574444,Quad Cities,Rock Island,IL,1000,Quad Cities|IA,NORMAL
KJY63,162.500,43.262222,-93.638583,Forest City,Hancock,IA,302,Des Moines|IA,NORMAL
KXI68,162.450,43.372222,-92.833056,St. Ansgar,Kirkwood & 420th,IA,1000,La Crosse|WI,NORMAL
WXL62,162.475,42.482139,-96.258306,Sioux City,Lawton,IA,1090,Sioux Falls|SD,NORMAL
KZZ68,162.475,40.868111,-93.804833,Van Wert,Osceola,IA,309,Des Moines|IA,NORMAL
KZZ80,162.550,43.343083,-95.207889,Milford,Milford,IA,300,Sioux Falls|SD,NORMAL
WXL64,162.400,42.5286,-90.613889,Dubuque,Jamestown,WI,1000,Quad Cities|IA,NORMAL
WXN85,162.400,41.089289,-91.968285,Fairfield,Fairfield,IA,300,Quad Cities|IA,NORMAL
WNG730,162.500,41.024139,-92.482306,Ottumwa,Wapello County,IA,302,Des Moines|IA,NORMAL
WXN83,162.525,40.833889,-91.212778,Burlington,Burlington,IA,300,Quad Cities|IA,NORMAL
WNG688,162.475,43.3414,-94.460583,Ringsted,Ringsted,IA,301,Des Moines|IA,NORMAL
KZZ50,162.550,40.812778,-95.252194,Essex,Essex,IA,303,Omaha/Valley|NE,NORMAL
KXI98,162.500,42.0475,-92.8617,Marshalltown,Marshalltown,IA,300,Des Moines|IA,NORMAL
KIH61,162.400,41.257722,-96.009333,Omaha,Omaha,NE,991,Omaha/Valley|NE,NORMAL
KXI62,162.450,41.6108,-92.562722,Montezuma,Montezuma,IA,299,Des Moines|IA,NORMAL
WXL99,162.450,40.4428,-91.8056,Medill,Kahoka,MO,300,Quad Cities|IA,NORMAL
WXM28,162.400,43.518722,-96.534917,Sioux Falls,Rowena,SD,900,Sioux Falls|SD,NORMAL
KWN48,162.525,43.180917,-95.643139,Sanborn,Sanborn,IA,302,Sioux Falls|SD,NORMAL
KZZ37,162.425,40.2875,-94.790833,Maryville,Conception Junction,MO,1330,Kansas City|MO,NORMAL
WXK68,162.550,43.754611,-116.095,Boise,Doe Point,ID,297,Boise|ID,NORMAL
WWF58,162.475,45.008139,-116.134417,McCall,Brundage Mtn.,ID,100,Boise|ID,NORMAL
WXL33,162.550,43.500833,-112.663333,Pocatello,Atomic City,ID,100,Pocatello|ID,NORMAL
KZZ72,162.425,42.515833,-111.9225,Sedgwick Peak,Soda Springs,ID,100,Pocatello|ID,NORMAL
WXL63,162.500,41.8825,-111.269167,Bear Lake,Laketown,UT,50,Salt Lake City|UT,NORMAL
WXL86,162.400,47.921667,-117.113333,Spokane,Spokane Mtn.,WA,100,Spokane|WA,NORMAL
WNG605,162.475,42.361389,-113.455556,Burley,Alibon,ID,100,Pocatello|ID,NORMAL
WZ2520,162.450,43.661389,-114.403056,Sun Valley,Bald Mtn,ID,150,Pocatello|ID,NORMAL
WWG99,162.500,48.610278,-116.256667,Bonners Ferry,Black Mountain,ID,100,Spokane|WA,NORMAL
KJY57,162.450,43.706667,-111.344444,Driggs,Relay Ridge,ID,100,Pocatello|ID,NORMAL
WXK88,162.400,43.948139,-116.928722,Payette,Syme Hill / Ontario OR,ID,100,Boise|ID,NORMAL
WXL35,162.400,42.7303,-114.413389,Twin Falls,Jerome,ID,102,Boise|ID,NORMAL
WXK98,162.550,46.33,-116.632778,Lewiston,Winchester Grade,ID,100,Spokane|WA,NORMAL
WZ2535,162.500,46.5086,-116.2167,Orofino,Norton Knob,ID,100,Spokane|WA,NORMAL
WXM22,162.400,41.713611,-111.717222,Logan,Mount Logan,UT,100,Salt Lake City|UT,NORMAL
KXI82,162.450,45.863611,-116.122778,Grangeville,Grangeville,ID,25,Spokane|WA,NORMAL
KPS509,162.500,45.145278,-114.008333,Salmon,Mt Baldy,ID,100,Missoula|MT,NORMAL
WXK82,162.475,39.729944,-91.4055,Hannibal,Hannibal,MO,1000,St. Louis|MO,NORMAL
WXJ92,162.500,40.427778,-90.682778,Macomb,Macomb,IL,1000,Quad Cities|IA,NORMAL
KXI93,162.550,37.3625,-89.5222,Cape Girardeau,Cape Girardeau,MO,300,Paducah|KY,NORMAL
WXM49,162.425,37.557222,-89.023333,Marion,Goreville,IL,1000,Paducah|KY,NORMAL
KXI79,162.425,39.062861,-89.406694,Hillsboro,Coffeen-Hillsboro,IL,312,St. Louis|MO,OUT OF SERVICE
KXI49,162.475,38.5439,-88.9245,Salem,Salem,IL,1070,St. Louis|MO,NORMAL
KXI41,162.500,42.259444,-88.3625,Crystal Lake,Crystal Lake,IL,300,Chicago|IL,NORMAL
WNG536,162.550,41.9356,-88.7642,DeKalb,DeKalb,IL,100,Chicago|IL,NORMAL
WWG90,162.425,42.773889,-89.005556,Janesville,Milton - Rock County,WI,300,Milwaukee/Sullivan|WI,NORMAL
KZZ57,162.475,42.3672,-89.0869,Rockford,Latham Park,IL,1000,Chicago|IL,NORMAL
WXM90,162.525,39.6667,-90.341667,Jacksonville,Jacksonville,IL,300,Lincoln|IL,NORMAL
KZZ55,162.525,41.897778,-89.605556,Dixon,Dixon,IL,300,Chicago|IL,NORMAL
WXL22,162.425,41.285556,-89.598889,Princeton,Tiskilwa,IL,300,Quad Cities|IA,NORMAL
KXI70,162.450,39.104194,-90.264611,Jerseyville,Jerseyville,IL,311,St. Louis|MO,NORMAL
KZZ56,162.450,42.328056,-89.725,Freeport,Eleroy,IL,300,Quad Cities|IA,NORMAL
WXJ75,162.400,39.7833,-89.4461,Springfield,Springfield,IL,1000,Lincoln|IL,NORMAL
WXJ76,162.550,40.1058,-88.449667,Champaign,Seymour,IL,1000,Lincoln|IL,NORMAL
KXI46,162.500,39.306111,-88.935556,Shelbyville,Shelbyville,IL,300,Lincoln|IL,NORMAL
KXI48,162.450,38.964105,-88.2231,Newton,Newton,IL,1000,Lincoln|IL,NORMAL
KXI47,162.525,39.552222,-87.7,Paris,Paris,IL,300,Lincoln|IL,NORMAL
KWO39,162.550,41.878889,-87.636111,Chicago,Wood Dale,IL,300,Chicago|IL,NORMAL
KZZ81,162.425,41.6006,-87.97895,Lockport,Downers Grove,IL,1000,Chicago|IL,NORMAL
KZZ65,162.525,40.476111,-89.033889,Bloomington,Bloomington Heights,IL,300,Lincoln|IL,NORMAL
KXI58,162.400,41.6061,-88.4525,Plano,Yorkville,IL,300,Chicago|IL,NORMAL
KIG76,162.550,38.18,-87.486944,Evansville,Haubstadt,IN,1000,Paducah|KY,NORMAL
KXI86,162.500,40.7178,-87.86,Crescent City,Crescent City,IL,300,Chicago|IL,NORMAL
WXK24,162.450,40.9925,-88.598056,Odell,Odell,IL,1000,Chicago|IL,NORMAL
WXJ71,162.475,40.628889,-89.57,Peoria,East Peoria,IL,1000,Lincoln|IL,NORMAL
KXI52,162.400,38.1139,-88.5458,McLeansboro,McLeansboro,IL,300,Paducah|KY,NORMAL
KZZ66,162.400,40.988056,-90.317778,Galesburg,Galesburg,IL,300,Lincoln|IL,NORMAL
KZZ58,162.525,41.0775,-87.756111,Kankakee,Aroma Park,IL,300,Chicago|IL,NORMAL
KZZ76,162.450,42.669722,-87.8475,Racine,Racine,WI,300,Milwaukee/Sullivan|WI,NORMAL
KDO89,162.550,38.580583,-90.32925,St. Louis,Shrewsbury,MO,1010,St. Louis|MO,NORMAL
KIH46,162.475,36.6925,-88.536111,Mayfield,Mayfield,KY,1000,Paducah|KY,NORMAL
KXI42,162.450,37.953139,-89.876639,Chester,Chester,IL,315,St. Louis|MO,NORMAL
WXJ58,162.550,41.103611,-85.191111,Fort Wayne,Fort Wayne,IN,1000,Northern Indiana|IN,NORMAL
WWG73,162.525,38.958889,-85.878611,Seymour,Seymour,IN,1000,Indianapolis|IN,NORMAL
WXK74,162.475,40.668889,-86.695556,Monticello/Lafayette,Yeoman,IN,1000,Indianapolis|IN,NORMAL
WXM98,162.450,40.5969,-85.6558,Marion,Marion,IN,100,Northern Indiana|IN,NORMAL
KJY93,162.425,40.093611,-85.392222,Muncie,Ball State Muncie,IN,1000,Indianapolis|IN,NORMAL
KEC74,162.550,39.7675,-86.0025,Indianapolis,Indianapolis,IN,1000,Indianapolis|IN,NORMAL
WXM78,162.450,39.164167,-86.521111,Bloomington,Indiana University,IN,300,Indianapolis|IN,NORMAL
WWG72,162.500,38.734722,-86.578611,Georgia,Georgia,IN,1000,Indianapolis|IN,NORMAL
KIH43,162.475,38.367084,-85.831639,New Albany,Floyds Knob,IN,1000,Louisville|KY,NORMAL
WXK72,162.400,39.568333,-86.886944,Putnamville,Brazil,IN,1000,Indianapolis|IN,NORMAL
WWG83,162.425,38.8417,-87.267222,Edwardsport,Edwardsport,IN,1000,Indianapolis|IN,NORMAL
KXI94,162.425,41.6867,-84.9836,Angola,Angola,IN,1000,Northern Indiana|IN,NORMAL
KIH42,162.550,39.030556,-84.506389,Covington,Covington,KY,1000,Wilmington|OH,NORMAL
KHB52,162.500,39.8283,-84.8975,Richmond,Wayne CO Courthouse,IN,300,Wilmington|OH,NORMAL
KZZ36,162.500,41.358889,-85.7,North Webster,State Rd. 13 (State Hwy.),IN,300,Northern Indiana|IN,NORMAL
WXJ57,162.400,41.616111,-86.192222,South Bend,Mishawaka,IN,1000,Northern Indiana|IN,NORMAL
WXJ46,162.475,39.658333,-84.316667,Dayton,Miamisburg,OH,1000,Wilmington|OH,NORMAL
KZZ27,162.425,39.853889,-87.408333,Newport,Vermillion,IN,300,Indianapolis|IN,NORMAL
KJY62,162.500,41.660833,-86.751667,Michigan City,La Porte,IN,1000,Northern Indiana|IN,NORMAL
WNG689,162.450,41.3536,-87.1853,Hebron,Porter County,IN,300,Chicago|IL,NORMAL
KZZ61,162.475,37.691944,-86.848889,Whitesville,Whitesville,KY,300,Paducah|KY,NORMAL
KZZ48,162.450,38.525556,-84.811111,Owenton,Owenton,KY,300,Wilmington|OH,NORMAL
WXK95,162.400,37.573167,-95.220167,Chanute,Erie,KS,1000,Wichita|KS,NORMAL
KGG98,162.425,38.335,-95.6744,Halls Summit,Waverly,KS,1110,Topeka|KS,NORMAL
WZ2512,162.525,38.302944,-94.959806,Parker,Mound City,KS,683,Kansas City|MO,NORMAL
KEC77,162.400,39.709639,-95.0425,Saint Joseph,Wathena,KS,1000,Kansas City|MO,NORMAL
WXK91,162.475,39.006028,-96.049389,Topeka,Maple Hill,KS,1000,Topeka|KS,NORMAL
WNG534,162.525,37.530528,-99.050806,Belvidere,Belvidere,KS,1040,Dodge City|KS,NORMAL
WZ2511,162.400,37.37059,-98.40278,Sharon,Sharon,KS,1060,Wichita|KS,NORMAL
WXK92,162.400,38.8136,-98.1694,Ellsworth,Ellsworth,KS,1000,Wichita|KS,NORMAL
KPS511,162.500,38.447944,-98.76925,Great Bend,Great Bend,KS,1060,Wichita|KS,NORMAL
WXM35,162.450,39.0208,-99.470722,Hays,Hays,KS,1070,Dodge City|KS,NORMAL
KZZ30,162.475,37.870194,-94.033139,El Dorado Springs,El Dorado Springs,MO,1000,Springfield|MO,NORMAL
KWN41,162.500,40.219694,-95.665583,Shubert,Shubert,NE,1000,Omaha/Valley|NE,NORMAL
WWH22,162.500,37.58628,-96.54489,Beaumont,Beaumont,KS,314,Wichita|KS,NORMAL
KEC59,162.550,37.750611,-97.303667,Wichita,Wichita,KS,1050,Wichita|KS,NORMAL
WNG644,162.425,36.756111,-95.8475,Bartlesville,Washington County,OK,1000,Tulsa|OK,NORMAL
WXJ61,162.425,37.164222,-94.0053,Avilla,La Russell,MO,1000,Springfield|MO,NORMAL
KJY82,162.450,36.879889,-94.4255,Neosho,Newton County,MO,981,Springfield|MO,NORMAL
WXK96,162.400,39.4808,-100.91,Gem,Colby,KS,700,Goodland|KS,NORMAL
WXK93,162.475,37.641222,-100.344722,Dodge City,Ensign,KS,1000,Dodge City|KS,NORMAL
WNG555,162.425,37.286083,-100.399528,Meade,Meade,KS,1080,Dodge City|KS,NORMAL
WXL71,162.525,38.797111,-97.217083,Abilene,Abilene,KS,1000,Topeka|KS,NORMAL
WXK94,162.550,39.4389,-97.7053,Concordia,Concordia,KS,1000,Topeka|KS,NORMAL
WWF42,162.450,36.689333,-97.168444,Ponca City,Ponca City,OK,312,Norman|OK,NORMAL
KEC39,162.525,40.183167,-100.100667,Cambridge,Cambridge,NE,347,Hastings|NE,NORMAL
KID77,162.550,39.0905,-94.472,Kansas City,Independence,MO,1000,Kansas City|MO,NORMAL
WNG535,162.525,38.432444,-100.464833,Dighton,Dighton,KS,1060,Dodge City|KS,NORMAL
WXN81,162.450,37.505115,-101.470286,Ulysses,Ulysses,KS,1000,Dodge City|KS,OUT OF SERVICE
WWF87,162.425,39.573333,-99.986111,Lenora,Lenora,KS,323,Goodland|KS,NORMAL
WWG22,162.550,38.456333,-101.642583,Tribune,Tribune,KS,307,Dodge City|KS,NORMAL
WNG578,162.525,40.1256,-98.0678,Superior,Superior,NE,1000,Hastings|NE,NORMAL
KZZ67,162.425,39.706686,-96.557,Blue Rapids,Merrimac,KS,1080,Topeka|KS,NORMAL
KWN59,162.500,39.6036,-99.121667,Kirwin,Phillipsburg,KS,1070,Hastings|NE,NORMAL
KIH45,162.400,37.08963,-86.634822,Bowling Green,Sugar Grove,KY,1000,Louisville|KY,NORMAL
WZ2547,162.450,37.0103,-85.6036,Edmonton,Metcalfe Co.,KY,300,Louisville|KY,NORMAL
WNG570,162.500,37.17643,-85.923565,Horse Cave,Hart County,KY,1000,Louisville|KY,NORMAL
KIH44,162.550,37.167433,-84.824444,Somerset,Bethelridge,KY,1000,Jackson|KY,NORMAL
WNG631,162.525,36.432222,-85.883611,Lafayette,Pleasant Shade,TN,1000,Nashville|TN,NORMAL
KIH41,162.400,37.879203,-84.325499,Lexington,Richmond,KY,1000,Louisville|KY,NORMAL
WWG71,162.400,38.177309,-83.404723,Morehead,Morehead,KY,300,Jackson|KY,NORMAL
KIH40,162.475,37.192919,-83.1878,Hazard,Hazard,KY,1000,Jackson|KY,NORMAL
WWG62,162.525,36.730278,-83.773611,Pineville,Pineville,KY,300,Jackson|KY,NORMAL
WWG61,162.550,37.909089,-83.925739,Stanton,Rotten Point,KY,300,Jackson|KY,NORMAL
KIH39,162.550,38.461917,-82.619833,Ashland,Ashland,KY,1090,Charleston|WV,NORMAL
KZZ49,162.425,38.6403,-83.8083,Maysville,Washington,KY,300,Wilmington|OH,NORMAL
WWG26,162.425,37.5911,-83.3136,Jackson,Jackson,KY,300,Jackson|KY,NORMAL
KZZ64,162.450,37.902704,-86.168283,Ekron,Ekron,KY,300,Louisville|KY,NORMAL
WXJ91,162.525,37.190278,-87.513056,Madisonville,Madisonville,KY,1000,Paducah|KY,NORMAL
KHA46,162.450,36.137194,-88.261,Vale,Hollow Rock,TN,1000,Memphis|TN,NORMAL
WWH37,162.500,36.516389,-87.336944,Clarksville,Clarksville,TN,300,Nashville|TN,NORMAL
KXI26,162.450,36.879444,-87.504722,Hopkinsville,Hopkinsville,KY,300,Paducah|KY,NORMAL
WWG66,162.400,37.147486,-83.69179,Manchester,Manchester,KY,300,Jackson|KY,NORMAL
KZZ62,162.475,36.79067,-85.241057,Burkesville,Smith Grove Ridge,KY,300,Louisville|KY,NORMAL
WWG79,162.450,37.941944,-83.220278,West Liberty,West Liberty,KY,300,Jackson|KY,NORMAL
WNG727,162.475,37.7275,-83.944444,Irvine,Irvine,KY,500,Jackson|KY,NORMAL
WWG28,162.525,37.844594,-82.668017,Paintsville,Paintsville,KY,100,Jackson|KY,NORMAL
WWG69,162.400,37.285045,-82.524559,Pikeville,Pikeville,KY,300,Jackson|KY,NORMAL
WZ2523,162.500,38.207276,-84.836243,Frankfort,Frankfort,KY,300,Louisville|KY,NORMAL
KIH43A,162.550,37.68201,-85.84203,Elizabethtown,Elizabethtown,KY,300,Louisville|KY,NORMAL
WWG68,162.450,36.787834,-83.290954,Harlan,Grey's Knob,KY,300,Jackson|KY,NORMAL
WWG64,162.450,37.415194,-84.008669,McKee,McKee,KY,300,Jackson|KY,NORMAL
WWG65,162.475,37.146656,-84.106809,London,London,KY,300,Jackson|KY,NORMAL
WWG67,162.500,37.625702,-83.77203,Beattyville,Bear Track,KY,300,Jackson|KY,NORMAL
WXM69,162.525,38.893056,-83.255,Otway,Moon Ridge,OH,1000,Wilmington|OH,NORMAL
WWF82A,162.525,37.7744,-84.324611,East Madison County,Richmond EOC,KY,100,Louisville|KY,NORMAL
WWF82C,162.525,37.6181,-84.2619,Madison County,Big Hill,KY,100,Louisville|KY,NORMAL
WWF82D,162.525,37.7436,-84.1825,Moberly,Moberly,KY,110,Louisville|KY,NORMAL
WWF82B,162.525,37.777222,-84.436111,West Madison County,Jolly Ridge,KY,100,Louisville|KY,NORMAL
WWG63,162.475,37.935504,-83.613547,Frenchburg,Frenchburg,KY,300,Jackson|KY,NORMAL
WWG81,162.500,37.500959,-82.227513,Phelps,Dicks Knob,KY,300,Jackson|KY,NORMAL
WWG70,162.425,37.339906,-84.383093,Mount Vernon,Mount Vernon,KY,300,Jackson|KY,NORMAL
KZZ63,162.525,37.423623,-85.274201,Campbellsville,Spurlington,KY,300,Louisville|KY,NORMAL
WWG80,162.425,36.844729,-84.773417,Monticello,Monticello,KY,300,Jackson|KY,NORMAL
WWG78,162.500,36.671143,-84.221466,Williamsburg,Williamsburg,KY,300,Jackson|KY,NORMAL
WXK80,162.550,30.04863,-91.99683,Lafayette,Youngsville,LA,1000,Lake Charles|LA,NORMAL
KHB42,162.400,30.221222,-93.3114,Lake Charles,Westlake,LA,1000,Lake Charles|LA,NORMAL
KHB46,162.400,30.44325,-91.18197,Baton Rouge,Baker,LA,1000,New Orleans/Baton Rouge|LA,OUT OF SERVICE
KIH23,162.475,29.75436,-91.17377,Morgan City,Morgan City,LA,1000,New Orleans/Baton Rouge|LA,NORMAL
WXK78,162.475,31.63906,-92.20532,Alexandria,Jena,LA,1000,Lake Charles|LA,NORMAL
KXI54,162.425,31.17325,-93.56762,Burkeville,Burkeville,TX,1000,Lake Charles|LA,NORMAL
WXN87,162.500,31.787,-93.205,Natchitoches,Natchitoches,LA,1030,Shreveport|LA,NORMAL
WXJ97,162.400,32.575806,-93.8686,Shreveport,Lake View,LA,1120,Shreveport|LA,NORMAL
WXJ96,162.550,32.527694,-92.102222,Monroe,Monroe,LA,800,Shreveport|LA,NORMAL
KIH48,162.550,31.372917,-90.751417,Bude,Smithdale,MS,1000,Jackson|MS,NORMAL
WXL41,162.475,29.35545,-89.52424,Buras,Buras,LA,1000,New Orleans/Baton Rouge|LA,NORMAL
KHB43,162.550,29.95287,-90.06717,New Orleans,New Orleans,LA,1000,New Orleans/Baton Rouge|LA,NORMAL
WNG521,162.525,30.88654,-90.04895,Bogalusa,Bogalusa,LA,1000,New Orleans/Baton Rouge|LA,NORMAL
KEC73,162.550,41.707729,-70.564406,Bourne/Hyannis,Camp Edwards,MA,1000,Boston/Norton|MA,NORMAL
WXL34,162.550,42.636944,-74.001667,Albany,New Scotland,NY,1000,Albany|NY,NORMAL
WXM68,162.425,42.6981,-72.605,Leyden,Leyden,MA,300,Albany|NY,NORMAL
WWF48,162.525,42.6367,-73.1667,Mt. Greylock,Bascom Lodge,MA,125,Albany|NY,NORMAL
KHB35,162.475,42.211928,-71.113649,Boston,Great Blue Hill,MA,1000,Boston/Norton|MA,NORMAL
WXJ39,162.400,41.805,-71.4733,Providence,Johnston,RI,500,Boston/Norton|MA,NORMAL
KZZ40,162.450,43.175833,-71.208056,Deerfield,Deerfield,NH,300,Gray/Portland|ME,NORMAL
WNG574,162.425,42.62563,-70.64654,Gloucester Marine,Essex,MA,100,Boston/Norton|MA,NORMAL
WNG575,162.525,42.861111,-71.879167,Pack Monadnock,Peterborough,NH,300,Gray/Portland|ME,NORMAL
WXM43,162.425,39.582167,-78.898667,Frostburg,Midland (Frostburg),MD,300,Baltimore/Washington|VA,NORMAL
WXM42,162.475,39.651111,-77.970833,Hagerstown,Clear Spring,MD,1000,Baltimore/Washington|VA,NORMAL
WXM73,162.400,38.9825,-78.908611,Moorefield,Branch Mtn.,WV,500,Baltimore/Washington|VA,NORMAL
WZ2527,162.425,38.311389,-77.483611,Fredericksburg,Fredericksburg,VA,300,Baltimore/Washington|VA,NORMAL
KXI73,162.450,39.1456,-79.5766,Backbone Mountain,Thomas,WV,145,Pittsburgh|PA,NORMAL
KWN36,162.500,39.510611,-79.533139,Greggs Knob,Terra Alta,WV,329,Pittsburgh|PA,NORMAL
KJY99,162.525,37.8425,-75.571389,Accomack,Onley (AG),VA,1000,Wakefield|VA,NORMAL
WXM57,162.400,37.906083,-76.485528,Heathsville,Heathsville,VA,1000,Wakefield|VA,NORMAL
WSM60,162.475,44.122778,-69.680556,Dresden,Blinn Hill,ME,300,Gray/Portland|ME,NORMAL
KDO95,162.550,43.7625,-70.325,Falmouth,Blackstrap Hill,ME,500,Gray/Portland|ME,NORMAL
WNG547,162.450,45.031722,-70.313139,Sugarloaf Mtn,Sugarloaf Mtn,ME,100,Gray/Portland|ME,OUT OF SERVICE
WXM77,162.525,46.551288,-67.809185,Caribou,Mars Hill,ME,100,Caribou|ME,NORMAL
KHB55,162.475,47.286944,-68.314167,Frenchville,Frenchville,ME,300,Caribou|ME,NORMAL
WXN28,162.500,45.344444,-68.095,Springfield,Lakeville,ME,1000,Caribou|ME,NORMAL
KZZ41,162.500,44.270278,-71.303333,Mt. Washington,North Conway,NH,100,Gray/Portland|ME,NORMAL
KEC93,162.400,44.545833,-68.511944,Ellsworth,Ellsworth,ME,1000,Caribou|ME,NORMAL
KHB54,162.550,45.247591,-69.01068,Milo,Milo,ME,1000,Caribou|ME,NORMAL
WNG542,162.425,45.4625,-69.552222,Greenville,Greenville,ME,300,Caribou|ME,NORMAL
WNG543,162.450,44.6369,-67.6261,Jonesboro Marine,Jonesboro,ME,1000,Caribou|ME,NORMAL
KHC47,162.425,45.028889,-67.322778,Meddybemps,Meddybemps,ME,300,Caribou|ME,NORMAL
KIG83,162.550,45.062833,-83.717306,Alpena,Herron,MI,800,Gaylord|MI,NORMAL
WNG701,162.525,43.794167,-83.001944,Bad Axe,Bad Axe (Port Austin),MI,100,Detroit/Pontiac|MI,NORMAL
WZ2515,162.425,46.5475,-86.0364,Grand Marais,Grand Marais,MI,100,Marquette|MI,NORMAL
WNG684,162.525,46.109722,-86.236667,Manistique,Steuben,MI,300,Marquette|MI,NORMAL
KIG66,162.550,46.514167,-87.481667,Marquette,Negaunee,MI,1000,Marquette|MI,NORMAL
WZ2514,162.475,46.420833,-86.675,Munising,Alger County,MI,100,Marquette|MI,NORMAL
WNG576,162.450,46.319167,-85.537222,Newberry,Newberry,MI,300,Marquette|MI,NORMAL
WZ2560,162.550,43.0138,-85.4778,Cannonsburg,Cannonsburg,MI,1000,Grand Rapids|MI,NORMAL
WWF34,162.475,42.421944,-85.528889,Plainwell,Plainwell,MI,300,Grand Rapids|MI,NORMAL
WXN99,162.425,42.941389,-86.084167,West Olive,West Olive,MI,300,Grand Rapids|MI,NORMAL
KIH22,162.400,44.760442,-85.682994,Traverse City,Traverse City,MI,300,Gaylord|MI,NORMAL
KXI33,162.450,44.276972,-84.313278,West Branch,West Branch,MI,1000,Gaylord|MI,NORMAL
WXK73,162.400,47.035556,-88.695278,Houghton,Painesdale,MI,1000,Marquette|MI,NORMAL
KIH29,162.475,43.216944,-83.721389,Flint,Clio,MI,1000,Detroit/Pontiac|MI,NORMAL
WXK81,162.400,42.4428,-84.572429,Onondaga,Rossman Rd.,MI,1000,Grand Rapids|MI,NORMAL
WNG572,162.475,45.5694,-85.0406,Petoskey,Goodhart,MI,300,Gaylord|MI,OUT OF SERVICE
KIG74,162.550,46.377042,-84.425094,Sault Ste Marie,Dafter,MI,1000,Gaylord|MI,NORMAL
KZZ33,162.525,43.575833,-84.774722,Mount Pleasant,Mount Pleasant,MI,1000,Grand Rapids|MI,NORMAL
WWF70,162.500,44.90741,-84.71906,Gaylord,Waters,MI,100,Gaylord|MI,NORMAL
KZZ35,162.500,45.779722,-87.140556,Escanaba,Escanaba,MI,1000,Marquette|MI,NORMAL
KZZ78,162.525,46.608056,-90.836944,Ashland,Ashland,WI,1000,Duluth|MN,NORMAL
WNG683,162.550,46.3775,-89.7075,Marenisco,Gogebic County,MI,300,Marquette|MI,NORMAL
WNG647,162.450,41.903056,-83.986944,Adrian / Petersburg,Lenawee County,MI,300,Detroit/Pontiac|MI,NORMAL
WNG582,162.450,43.4106,-82.8064,Sandusky,Sanilac County,MI,300,Detroit/Pontiac|MI,NORMAL
KJY76,162.475,46.100833,-88.540278,Crystal Falls,Crystal Falls,MI,1000,Marquette|MI,NORMAL
WZ2513,162.500,47.4675,-87.8722,Copper Harbor,Copper Harbor,MI,300,Marquette|MI,NORMAL
WNG672,162.425,43.980556,-85.843333,Wolf Lake,Baldwin,MI,1000,Grand Rapids|MI,NORMAL
KEC63,162.550,42.483056,-83.205556,Detroit,Southfield,MI,1000,Detroit/Pontiac|MI,NORMAL
WXL51,162.500,41.625556,-83.711111,Toledo,Holland,OH,300,Cleveland|OH,NORMAL
WXN69,162.425,45.237887,-87.091394,Sister Bay,Sister Bay,WI,1000,Green Bay|WI,NORMAL
WNG553,162.400,45.4275,-87.9775,Wausaukee,Wausaukee,WI,1000,Green Bay|WI,NORMAL
WWF36,162.475,43.549722,-86.042778,Hesperia,Hesperia,MI,300,Grand Rapids|MI,NORMAL
KZZ84,162.450,46.469444,-93.526944,Aitkin,Aitkin,MN,1000,Duluth|MN,NORMAL
WNG678,162.425,45.8411,-92.9825,Pine City,Pine County,MN,1000,Duluth|MN,NORMAL
KZZ29,162.400,47.2922,-93.4822,Coleraine,Grand Rapids,MN,1000,Duluth|MN,NORMAL
WNG676,162.500,45.348472,-93.908778,Clearwater,Enfield,MN,1000,Twin Cities/Chanhassen|MN,NORMAL
KEC65,162.550,44.968944,-93.207833,Minneapolis/St. Paul,Minneapolis,MN,1020,Twin Cities/Chanhassen|MN,NORMAL
WXM64,162.400,46.822778,-95.861028,Detroit Lakes,Detroit Lakes,MN,100,Grand Forks|ND,NORMAL
WNG680,162.500,46.259111,-95.980944,Fergus Falls,Fergus Falls,MN,1010,Grand Forks|ND,NORMAL
WWG98,162.475,46.984722,-95.106167,Park Rapids,Park Rapids,MN,1000,Grand Forks|ND,NORMAL
WNG610,162.450,47.180256,-95.778167,Waubun,Waubun,MN,302,Grand Forks|ND,NORMAL
WXM99,162.425,47.555833,-94.801361,Bemidji,Bemidji,MN,1000,Grand Forks|ND,NORMAL
WWF45,162.450,48.789083,-95.049889,Roosevelt,Roosevelt,MN,300,Grand Forks|ND,NORMAL
WXK43,162.550,48.119924,-96.205269,Thief River Falls,Thief River Falls,MN,1000,Grand Forks|ND,NORMAL
WXL65,162.400,45.577278,-94.204667,St. Cloud,St. Cloud,MN,300,Twin Cities/Chanhassen|MN,NORMAL
WXK44,162.475,45.3428,-95.007917,Willmar,New London,MN,600,Twin Cities/Chanhassen|MN,NORMAL
KXI32,162.550,45.1675,-95.999722,Appleton,Appleton,MN,1000,Aberdeen|SD,NORMAL
WNG707,162.400,45.831778,-95.721111,Kensington,Hoffman,MN,314,Twin Cities/Chanhassen|MN,NORMAL
WXM41,162.425,45.178889,-97.015833,South Shore,South Shore,SD,1000,Aberdeen|SD,NORMAL
WXK40,162.400,44.087722,-93.701778,Mankato,Janesville,MN,1000,Twin Cities/Chanhassen|MN,NORMAL
KXI39,162.525,44.2772,-94.440778,New Ulm,New Ulm,MN,1010,Twin Cities/Chanhassen|MN,NORMAL
KXI31,162.450,44.0567,-95.1956,Jeffers,Windom,MN,1040,Sioux Falls|SD,NORMAL
WNG711,162.400,44.776111,-94.981944,Olivia,Renville County,MN,300,Twin Cities/Chanhassen|MN,NORMAL
KIG64,162.550,46.786944,-92.114444,Duluth,Arnold Site,MN,1000,Duluth|MN,NORMAL
WNG685,162.425,44.788889,-93.906889,Norwood,Carver County,MN,326,Twin Cities/Chanhassen|MN,NORMAL
WXJ64,162.550,46.551944,-94.520833,Leader,Omen Lake,MN,1000,Duluth|MN,NORMAL
WNG673,162.525,45.9964,-94.89825,Long Prairie,Long Prairie,MN,1020,Twin Cities/Chanhassen|MN,NORMAL
WXK42,162.475,47.012417,-97.195056,Fargo,Fargo,ND,1020,Grand Forks|ND,NORMAL
KXI43,162.450,47.8664,-90.143889,Grand Marais,Bogus Lake,MN,300,Duluth|MN,NORMAL
KXI45,162.525,48.078333,-90.76,Gun Flint Lake,Gun Flint Lake,MN,300,Duluth|MN,OUT OF SERVICE
KJY80,162.450,44.524056,-92.576444,Red Wing,Red Wing,MN,359,Twin Cities/Chanhassen|MN,NORMAL
WXK41,162.475,44.0625,-92.351944,Rochester,Viola,MN,1000,La Crosse|WI,NORMAL
WNG583,162.525,48.717267,-96.605401,Lake Bronson,Lake Bronson,MN,344,Grand Forks|ND,NORMAL
KZZ44,162.450,48.18,-92.750278,Elephant Lake,Orr,MN,300,Duluth|MN,NORMAL
WXK45,162.550,48.389722,-93.55,International Falls,Little Fork,MN,1000,Duluth|MN,NORMAL
KXI44,162.500,47.894444,-91.863333,Ely,Ely,MN,300,Duluth|MN,NORMAL
WNG630,162.425,47.456389,-91.231667,Finland,Lake County,MN,300,Duluth|MN,NORMAL
KXI50,162.500,44.313639,-95.957472,Russell,Russell,MN,1060,Sioux Falls|SD,NORMAL
WXM38,162.400,48.138389,-97.993556,Petersburg,Dahlen,ND,991,Grand Forks|ND,NORMAL
WNG702,162.425,43.877583,-95.6069,Fulda,Murry County,MN,311,Sioux Falls|SD,NORMAL
KZZ79,162.475,45.986787,-91.793709,Spooner,Lampson,WI,1000,Duluth|MN,NORMAL
WWF83,162.475,47.921861,-97.097694,Grand Forks,Grand Forks,ND,338,Grand Forks|ND,NORMAL
KZZ45,162.475,47.4875,-92.52,Virginia,Virginia,MN,300,Duluth|MN,NORMAL
KGG95,162.425,44.0739,-91.5775,Winona,Fountain City,WI,300,La Crosse|WI,NORMAL
WXM39,162.525,39.955556,-92.4925,La Plata,La Plata,MO,303,Kansas City|MO,NORMAL
KZZ85,162.475,39.752778,-94.25,Cameron,Cameron,MO,302,Kansas City|MO,NORMAL
WXL45,162.400,38.8786,-91.981778,Columbia,Fulton,MO,1000,St. Louis|MO,NORMAL
WNG728,162.425,38.979444,-91.131111,Hawk Point,Hawk Point,MO,1000,St. Louis|MO,NORMAL
KZZ43,162.550,36.715889,-93.367611,Branson,Indian Ridge,MO,1050,Springfield|MO,NORMAL
WNG608,162.500,36.671861,-93.896639,Cassville,Cassville,MO,1000,Springfield|MO,NORMAL
WXL46,162.400,37.2192,-92.9492,Fordland,Fordland,MO,1000,Springfield|MO,NORMAL
KZZ39,162.500,38.503611,-93.758056,Clinton,Shawnee Mound,MO,980,Kansas City|MO,NORMAL
WZ2548,162.550,38.2794,-92.5853,Eldon,Eldon,MO,1000,Springfield|MO,NORMAL
WWG49,162.500,37.453806,-90.376083,Fredericktown,Fredericktown,MO,1270,St. Louis|MO,NORMAL
KWN55,162.425,38.750333,-92.559,Jamestown,Prairie Home,MO,1020,St. Louis|MO,OUT OF SERVICE
WXL47,162.400,36.9022,-89.8881,Bloomfield,Idalia/Sikeston,MO,1000,Paducah|KY,NORMAL
WWG48,162.450,36.658333,-90.793333,Doniphan,Doniphan,MO,300,Paducah|KY,NORMAL
KXI66,162.425,37.0931,-90.8439,Piedmont,Piedmont,MO,1000,Paducah|KY,NORMAL
KZZ34,162.450,39.367147,-93.404064,Carrollton,Carrollton,MO,1120,Kansas City|MO,NORMAL
KZZ38,162.500,40.154444,-93.422778,Trenton,Galt,MO,1000,Kansas City|MO,NORMAL
WWF75,162.525,38.168944,-91.218806,Bourbon,Crawford County,MO,1050,St. Louis|MO,NORMAL
WXM81,162.450,37.905444,-93.317028,Hermitage,Lake PomDeTerre,MO,1000,Springfield|MO,NORMAL
WWF76,162.475,37.180694,-91.665833,Summersville,Summersville,MO,971,Springfield|MO,NORMAL
KZZ82,162.425,36.663861,-92.517056,Gainesville,Marshfield,MO,1000,Springfield|MO,NORMAL
KXI38,162.525,36.6936,-91.8833,West Plains,West Plains,MO,291,Springfield|MO,NORMAL
KXI35,162.500,36.6983,-91.4103,Alton,Alton,MO,300,Springfield|MO,NORMAL
WZ2545,162.550,37.085,-94.5133,Joplin,Joplin,MO,300,Springfield|MO,NORMAL
WNG648,162.500,37.9522,-92.03,Crocker,Fort  Leonard Wood,MO,1000,Springfield|MO,NORMAL
WXM86,162.550,15.1865,145.743819,Saipan,Mount Tapochau,MP,300,Guam|GU,NORMAL
KIH53,162.400,34.709472,-88.843556,Booneville,Dumas,MS,1060,Memphis|TN,NORMAL
KIH51,162.475,33.353944,-89.15,Ackerman,Ackerman,MS,1000,Jackson|MS,NORMAL
KJY83,162.500,32.724556,-89.545583,Carthage,Carthage,MS,1230,Jackson|MS,NORMAL
KIH52,162.550,34.2908,-89.706056,Oxford,Taylor,MS,900,Memphis|TN,NORMAL
KIH38,162.400,32.1917,-90.406278,Jackson,Raymond,MS,1000,Jackson|MS,NORMAL
KIH47,162.475,31.4395,-89.640556,Hattiesburg,Melba,MS,1180,Jackson|MS,NORMAL
WZ2546,162.525,31.8742,-89.7319,Magee,Magee,MS,300,Jackson|MS,NORMAL
KIH21,162.400,30.38433,-89.09583,Gulfport,Gulfport,MS,1000,New Orleans/Baton Rouge|LA,NORMAL
WXL79,162.550,46.0075,-112.441667,Butte,Xl Heights,MT,100,Missoula|MT,NORMAL
WNG638,162.475,44.9444,-112.734722,Dillon,Red Rock,MT,140,Great Falls|MT,NORMAL
WXL27,162.550,45.805833,-108.349444,Billings,Emerald Hills,MT,300,Billings|MT,NORMAL
WNG724,162.450,45.745,-107.533889,Hardin,Yellowtail / Crow Reservation,MT,100,Billings|MT,NORMAL
WXM46,162.475,44.601944,-106.931667,Sheridan,Banner Peak,WY,500,Billings|MT,NORMAL
WXL53,162.400,48.494364,-109.714889,Havre,Squaw Butte,MT,300,Great Falls|MT,NORMAL
WXK66,162.400,46.826389,-111.709167,Helena,Hogback Mtn.,MT,1000,Great Falls|MT,NORMAL
WNG563,162.400,44.587222,-108.852222,Cody,Powell,WY,300,Riverton|WY,NORMAL
WXK57,162.550,46.239167,-104.335,Baker,Bechtold Hill,MT,300,Billings|MT,NORMAL
WNG567,162.425,45.475278,-105.498889,Broadus,Five Mile Hill,MT,300,Billings|MT,NORMAL
WZ2533,162.475,45.512222,-104.48,Ekalaka,Carter County,MT,100,Billings|MT,NORMAL
WXL23,162.525,44.328056,-103.834444,Lead,Terry Peak,SD,300,Rapid City|SD,NORMAL
WXL54,162.400,46.404444,-105.663333,Miles City,Gov't. Hill,MT,300,Billings|MT,NORMAL
WXJ43,162.550,47.606401,-111.318561,Great Falls,Bootlegger Hill,MT,300,Great Falls|MT,NORMAL
WWG84,162.500,48.33,-112.035556,Belgian Hill,Conrad,MT,100,Great Falls|MT,NORMAL
KZZ54,162.500,47.177778,-109.535833,Lewistown,Mocassin Mtn.,MT,100,Great Falls|MT,NORMAL
WNG719,162.525,46.3308,-106.7108,Forsyth,Forsyth,MT,100,Billings|MT,NORMAL
KPS507,162.525,48.794444,-106.245556,Glentana,Randel,MT,60,Glasgow|MT,NORMAL
WWF92,162.450,48.801389,-105.346667,Scobey,Scobey,MT,25,Glasgow|MT,NORMAL
KHC26,162.550,47.276944,-105.391667,Circle,Linsay,MT,300,Glasgow|MT,NORMAL
WWF93,162.475,47.052222,-104.6725,Glendive,Makoshika Peak,MT,80,Glasgow|MT,NORMAL
WXL82,162.550,48.011667,-114.364167,Kalispell,Blacktail Mtn.,MT,100,Missoula|MT,NORMAL
KGG97,162.500,45.679722,-111.041667,Bozeman,Courthouse,MT,100,Great Falls|MT,NORMAL
WXL32,162.400,48.031389,-106.315833,Glasgow,Signal Hill,MT,300,Glasgow|MT,NORMAL
KHB53,162.500,47.306111,-106.914444,Jordan,Brockway,MT,300,Glasgow|MT,NORMAL
WNG670,162.400,46.990833,-108.333889,Winnett,Mosby,MT,300,Glasgow|MT,NORMAL
WNG533,162.525,48.596111,-113.018889,Browning,Browning,MT,300,Great Falls|MT,NORMAL
KAD95,162.450,46.283333,-109.162778,Ryegate,Ryegate,MT,300,Billings|MT,NORMAL
WXL25,162.400,47.0403,-113.9878,Missoula,Point Six Mtn.,MT,100,Missoula|MT,NORMAL
KGG94,162.425,48.290556,-105.251944,Poplar,Poplar,MT,300,Glasgow|MT,NORMAL
WNG686,162.425,44.9864,-110.7156,Elk Plaza,Yellowstone Nat'l. Park North,WY,300,Riverton|WY,NORMAL
WNG667,162.450,44.3811,-110.5453,Grant Village,Yellowstone AGR,WY,300,Riverton|WY,NORMAL
WNG682,162.525,45.6739,-110.5675,Livingston,Livingston,MT,100,Billings|MT,NORMAL
WWG85,162.475,48.3494,-107.834722,Malta,Malta,MT,75,Glasgow|MT,NORMAL
WXL84,162.550,48.141667,-103.892778,Williston,Williston,ND,1000,Bismarck|ND,NORMAL
WWF50,162.475,48.693889,-104.595556,Plentywood,Plentywood,MT,50,Glasgow|MT,NORMAL
WZ2528,162.500,46.9919,-104.2683,Wibaux,Wibaux,MT,300,Glasgow|MT,NORMAL
WXL58,162.550,35.866944,-79.1669,Chapel Hill,Durham,NC,1000,Raleigh|NC,NORMAL
WXL42,162.400,36.37748,-80.3639,Winston-Salem,Sauratown Mtn. ,NC,1000,Raleigh|NC,NORMAL
WXL70,162.475,35.297222,-81.114722,Charlotte,Spencer Mtn.,NC,1000,Greenville-Spartanburg|SC,NORMAL
WNG538,162.450,36.06317,-81.84184,Linville,Grandmother Mtn.,NC,300,Greenville-Spartanburg|SC,NORMAL
WNG588,162.500,36.4032,-81.4638,Mount Jefferson,Ashe County,NC,300,Blacksburg|VA,NORMAL
KJY85,162.525,35.7333,-80.88944,Statesville,Statesville,NC,1000,Greenville-Spartanburg|SC,NORMAL
WZ2500,162.450,36.9075,-81.06805,Sand Mtn,Wythe County,VA,300,Blacksburg|VA,NORMAL
WWF60,162.500,35.406389,-79.998889,Buck Mountain,Biscoe,NC,1000,Raleigh|NC,NORMAL
WXK90,162.450,34.646197,-79.945287,Cheraw,Chesterfield,SC,300,Columbia|SC,NORMAL
WNG597,162.400,35.1203,-79.710833,Ellerbe,Richmond  County,NC,300,Raleigh|NC,NORMAL
WXK47,162.550,36.4429,-82.1203,Bristol,Holston Mtn.,TN,500,Morristown|TN,NORMAL
WXL56,162.400,35.425556,-82.756944,Asheville,Asheville,NC,300,Greenville-Spartanburg|SC,NORMAL
KEC84,162.400,35.1344,-77.0631,New Bern,Glenburnie Garden,NC,1000,Newport/Morehead City|NC,NORMAL
WNG537,162.525,36.0636,-76.9736,Windsor,Windsor,NC,300,Wakefield|VA,NORMAL
KIG77,162.475,35.2458,-75.5339,Cape Hatteras,Middletown,NC,1000,Newport/Morehead City|NC,NORMAL
WWG33,162.450,36.513686,-77.332105,Margarettsville,Margarettsville,NC,300,Wakefield|VA,NORMAL
KHB37,162.550,36.815556,-76.466667,Norfolk,Driver,VA,1000,Wakefield|VA,NORMAL
WXL59,162.475,35.9014,-77.7831,Rocky Mount,Tarboro,NC,1000,Raleigh|NC,NORMAL
WXL50,162.475,34.797498,-79.044835,Saint Pauls,Saint Pauls,NC,1000,Wilmington|NC,NORMAL
KXI95,162.425,34.9281,-78.0558,Warsaw,Duplin County,NC,300,Newport/Morehead City|NC,NORMAL
KHB31,162.550,34.1316,-78.187778,Winnabow,Winnabow,NC,1000,Wilmington|NC,NORMAL
KEC95,162.400,33.950722,-79.108459,Aynor,Conway/Myrtle Beach,SC,1000,Wilmington|NC,NORMAL
WWH26,162.425,36.1358,-75.8242,Mamie,Mamie,NC,300,Newport/Morehead City|NC,NORMAL
WXL60,162.475,37.19917,-80.1494,Roanoke,Poor Mtn.,VA,1000,Blacksburg|VA,NORMAL
KJY86,162.525,36.733056,-78.933889,South Boston,South Boston,VA,1000,Blacksburg|VA,NORMAL
WWG82,162.525,35.257853,-83.795475,Robbinsville,Joanna  Bald Mtn.,NC,300,Greenville-Spartanburg|SC,NORMAL
KHC27,162.425,34.839722,-81.018333,Rock Hill,York,SC,1000,Greenville-Spartanburg|SC,NORMAL
WNG706,162.450,35.6747,-78.5275,Garner,Garner,NC,1000,Raleigh|NC,NORMAL
WNG586,162.500,36.310278,-78.501111,Henderson,Henderson,NC,300,Raleigh|NC,NORMAL
WXJ21,162.550,34.940556,-82.410556,Greenville,Paris Mtn.,SC,1000,Greenville-Spartanburg|SC,NORMAL
WNG658,162.525,46.1825,-103.048889,Scranton,Bowman County,ND,1000,Bismarck|ND,NORMAL
WNG656,162.525,46.523687,-97.956331,Fort Ransom,Fort Ransom,ND,1000,Grand Forks|ND,NORMAL
WXL81,162.550,46.776667,-98.522222,Jamestown,Cable Serv. Tower/Ypsilanti,ND,1000,Bismarck|ND,NORMAL
KWN46,162.525,47.775501,-99.146556,Sheyenne,Sheyenne,ND,1000,Grand Forks|ND,NORMAL
WWG25,162.425,48.194139,-98.903917,Webster,Devils Lake,ND,300,Grand Forks|ND,NORMAL
WXL80,162.400,46.725,-102.916111,Dickinson,Daglum,ND,800,Bismarck|ND,NORMAL
WXL83,162.400,48.050833,-101.39,Minot,South Prarie,ND,1000,Bismarck|ND,NORMAL
KWN42,162.475,48.8475,-99.656389,Rolla,Rolla,ND,300,Bismarck|ND,NORMAL
KWN45,162.450,48.604167,-100.303056,Willow City,Bottineau,ND,300,Bismarck|ND,NORMAL
WXL78,162.475,46.588056,-100.8125,Bismarck,St. Anthony,ND,1000,Bismarck|ND,NORMAL
WNG581,162.400,46.665278,-99.758333,Steele,Steele,ND,300,Bismarck|ND,NORMAL
KWN43,162.500,48.754972,-98.361139,Langdon,Langdon,ND,301,Grand Forks|ND,NORMAL
WXM25,162.475,45.4658,-98.3367,Aberdeen,Bath,SD,1000,Aberdeen|SD,NORMAL
WXN88,162.525,48.071667,-102.44,New Town,Belden (AG),ND,300,Bismarck|ND,NORMAL
WXM40,162.500,45.397222,-99.941389,Lowry,Selby,SD,1000,Aberdeen|SD,NORMAL
KWN44,162.450,48.733973,-97.750932,Cavalier,Hansel,ND,297,Grand Forks|ND,NORMAL
WXL74,162.400,40.772222,-98.0895,Grand Island,Giltner,NE,750,Hastings|NE,NORMAL
WXL77,162.550,42.2375,-97.2778,Norfolk,Carroll,NE,1060,Omaha/Valley|NE,NORMAL
WXL68,162.550,41.021111,-101.1525,North Platte,Sutherland,NE,1000,North Platte|NE,NORMAL
WXL67,162.475,41.84,-103.055,Scottsbluff,Angora,NE,1000,Cheyenne|WY,NORMAL
WXL73,162.475,42.338056,-99.488056,Bassett,Bassett,NE,1000,North Platte|NE,NORMAL
WNG645,162.500,41.622528,-98.119472,Albion,Albion,NE,297,Omaha/Valley|NE,NORMAL
KXI20,162.525,42.635,-103.103333,Chadron,Chadron St. Park,NE,1000,Cheyenne|WY,NORMAL
KXI25,162.425,43.065,-98.4892,Pickstown,Lake Andes,SD,302,Sioux Falls|SD,NORMAL
WXL75,162.475,40.384833,-99.458833,Holdrege,Atlanta,NE,1000,Hastings|NE,NORMAL
WNG549,162.450,41.4525,-97.253028,Columbus,Platte County,NE,1020,Omaha/Valley|NE,NORMAL
WXM20,162.475,40.821444,-96.662139,Lincoln,Lincoln,NE,991,Omaha/Valley|NE,NORMAL
KXI21,162.500,42.842056,-97.484611,Yankton,Gavins Point Dam,NE,1000,Sioux Falls|SD,NORMAL
WXL76,162.400,42.676944,-101.709722,Merriman,Merriman,NE,800,North Platte|NE,NORMAL
KPS502,162.425,41.986389,-101.039722,Mullen,Mullen,NE,1000,North Platte|NE,NORMAL
WXN82,162.450,42.888611,-100.553333,Valentine,Valentine,NE,1000,North Platte|NE,NORMAL
WXN61,162.500,41.184167,-103.193611,Sidney,Sidney,NE,1000,Cheyenne|WY,NORMAL
WXN72,162.500,41.387222,-99.820833,Merna,Broken Bow,NE,1000,North Platte|NE,NORMAL
KWN62,162.525,41.7144,-98.868778,Ord,Ord,NE,230,Hastings|NE,NORMAL
WXK64,162.425,43.455278,-103.445556,Hot Springs,Battle Mountain,SD,300,Rapid City|SD,NORMAL
KGG99,162.425,40.695028,-99.817389,Lexington,Lexington,NE,405,Hastings|NE,NORMAL
KHA55,162.525,41.340278,-102.399167,Oshkosh,Oshkosh (Ag.),NE,1000,North Platte|NE,NORMAL
WNG524,162.500,40.241111,-101.044722,Trenton,Hitchcock County,NE,379,Goodland|KS,NORMAL
KZZ69,162.450,40.218583,-96.915694,Beatrice,Ellis,NE,1000,Omaha/Valley|NE,NORMAL
WXJ40,162.400,43.219444,-71.440278,Concord,Plausawa Hill,NH,300,Gray/Portland|ME,NORMAL
WNG546,162.525,43.7092,-72.1542,Hanover,Moose Mtn.,NH,300,Gray/Portland|ME,NORMAL
WNG545,162.550,43.7628,-71.6494,Holderness,Mt. Prospect,NH,300,Gray/Portland|ME,NORMAL
WNG544,162.400,45.0219,-71.416938,Clarksville,Ben Young Hill,NH,100,Gray/Portland|ME,NORMAL
WWG50,162.425,44.571111,-71.894167,St. Johnsbury,Burke Mtn.,VT,300,Burlington|VT,NORMAL
WXM44,162.475,43.4439,-72.454722,Windsor,Mount Ascutney,VT,400,Burlington|VT,NORMAL
KHB38,162.400,39.37895,-74.447744,Atlantic City,Atlantic City,NJ,1000,Philadelphia/Mt Holly|NJ,NORMAL
KZZ31,162.500,41.143611,-74.538056,Hardyston,Rudeville,NJ,1000,Philadelphia/Mt Holly|NJ,NORMAL
WXM60,162.450,40.139866,-74.224193,Southard,Howell Township/Lakewood,NJ,300,Philadelphia/Mt Holly|NJ,NORMAL
WXL39,162.400,40.565,-75.4406,Allentown,Allentown,PA,1010,Philadelphia/Mt Holly|NJ,NORMAL
WXJ34,162.400,35.065556,-106.787778,Albuquerque,Albuquerque,NM,100,Albuquerque|NM,NORMAL
WWG36,162.450,33.363056,-104.636389,Roswell,Roswell,NM,100,Albuquerque|NM,OUT OF SERVICE
WXJ38,162.550,33.403889,-105.782222,Ruidoso,Sierra Blanca,NM,300,Albuquerque|NM,NORMAL
WXL90,162.550,36.705556,-103.876667,Des Moines,Sierra Grande,NM,100,Albuquerque|NM,NORMAL
WXJ35,162.475,34.252222,-103.239444,Portales,Portales,NM,100,Albuquerque|NM,NORMAL
WNG657,162.500,34.738611,-102.511667,Summerfield,Summerfield,TX,1000,Lubbock|TX,NORMAL
WNG652,162.550,31.765556,-106.4775,El Paso Spanish,El Paso Spanish,TX,125,El Paso|TX,NORMAL
WXK25,162.475,31.796111,-106.483056,El Paso,COMANCHE PEAK,TX,300,El Paso|TX,NORMAL
WXL91,162.400,32.292556,-106.697528,Las Cruces,Tortugas Mtn.,NM,100,El Paso|TX,NORMAL
WXN24,162.425,32.800611,-104.198654,Artesia,Artesia,NM,100,Midland/Odessa|TX,OUT OF SERVICE
WWF37,162.475,32.437806,-104.277278,Carlsbad,Carlsbad,NM,100,Midland/Odessa|TX,OUT OF SERVICE
WXJ36,162.400,32.704306,-103.566667,Hobbs,Maljamar,NM,80,Midland/Odessa|TX,NORMAL
WZ2516,162.425,32.581944,-108.425306,Silver City,Jack's Peak,NM,110,El Paso|TX,NORMAL
WNG562,162.425,32.707222,-102.624861,Seminole,Gaines County,TX,1000,Midland/Odessa|TX,NORMAL
WXJ33,162.550,35.785556,-105.781944,Santa Fe,Tesuque Peak,NM,100,Albuquerque|NM,NORMAL
WWQ50,162.425,36.274622,-102.854634,Dalhart,Texline,TX,1000,Amarillo|TX,NORMAL
WXL36,162.550,35.9969,-114.862778,Las Vegas,Boulder City,NV,100,Las Vegas|NV,NORMAL
WXL28,162.550,40.915278,-115.819167,Elko,West Twin Peak,NV,100,Elko|NV,NORMAL
WNG700,162.500,41.783611,-114.840278,Jackpot,Jackpot,NV,100,Elko|NV,NORMAL
WNG731,162.450,41.950833,-116.098333,Owyhee,Owyhee,NV,80,Elko|NV,NORMAL
KXI30,162.475,40.754444,-114.019444,Wendover,Wendover Peak,UT,100,Salt Lake City|UT,NORMAL
WZ2519,162.400,38.051944,-117.225556,Tonopah,Brock Mtn,NV,150,Elko|NV,NORMAL
WWF81,162.550,39.449722,-115.9989,Eureka,Prospect Peak,NV,100,Elko|NV,NORMAL
WXL29,162.400,41.011111,-117.7675,Winnemucca,Winnemucca Mtn.,NV,100,Elko|NV,NORMAL
WZ2521,162.425,40.4036,-116.8681,Battle Mtn.,Battle Mtn.,NV,150,Elko|NV,NORMAL
WXL69,162.400,39.163611,-114.614167,Ely,Cave Mtn.,NV,100,Elko|NV,NORMAL
KEB98,162.550,42.636944,-78.768056,Buffalo,North Boston,NY,330,Buffalo|NY,NORMAL
WXN29,162.425,42.211111,-77.689444,Call Hill,Call Hill,NY,300,Binghamton|NY,NORMAL
WXN55,162.450,42.355556,-77.266111,Mt. Washington,Bath,NY,300,Binghamton|NY,NORMAL
WXL38,162.475,42.0611,-75.9456,Binghamton,Binghamton,NY,1000,Binghamton|NY,NORMAL
KHC49,162.525,42.511389,-75.468056,Norwich,Barnes Hill,NY,300,Binghamton|NY,NORMAL
WWF43,162.400,42.398611,-74.589722,Stamford,Stamford,NY,300,Binghamton|NY,NORMAL
WWH34,162.425,42.1112,-75.1014,Walton,Walton,NY,300,Binghamton|NY,NORMAL
WWG32,162.425,42.256667,-78.695,Cattaraugus,Great Valley,NY,125,Buffalo|NY,NORMAL
WXN59,162.500,42.418611,-76.493889,Ithaca,Ithaca,NY,1000,Binghamton|NY,NORMAL
KHA53,162.400,43.036111,-77.423333,Rochester,Fairport,NY,500,Buffalo|NY,NORMAL
WXL31,162.550,42.966667,-76.200278,Syracuse,Makyes Rd.,NY,1000,Binghamton|NY,NORMAL
KEC58,162.400,42.063972,-80.005444,Erie,Erie,PA,750,Cleveland|OH,NORMAL
WNG541,162.525,42.0467,-79.0903,Frewsburg,Mayville,NY,175,Buffalo|NY,NORMAL
WXM31,162.400,42.106111,-76.871111,Elmira,Hawley Hill,NY,1000,Binghamton|NY,NORMAL
WXM95,162.525,41.810556,-76.716944,Towanda,Troy,PA,500,Binghamton|NY,NORMAL
WWH35,162.450,42.678889,-74.899722,Cooperstown,Cornish Hill Rd.,NY,100,Binghamton|NY,NORMAL
KIG60,162.400,44.526667,-72.815833,Burlington,Mt. Mansfield,VT,500,Burlington|VT,NORMAL
WNG705,162.450,41.572222,-75.191111,Honesdale,Wayne CO,PA,300,Binghamton|NY,NORMAL
WNG671,162.500,43.658889,-73.106944,Castleton,Rutland,VT,300,Burlington|VT,NORMAL
KSC43,162.450,43.672778,-74.048889,Gore Mtn.,Gore Mtn.,NY,300,Albany|NY,NORMAL
KBS508,162.525,44.598333,-74.776944,White Hill,Parishville,NY,300,Burlington|VT,NORMAL
WXM45,162.425,43.1025,-74.938607,Middleville,Herkimer County,NY,300,Albany|NY,NORMAL
WXN68,162.475,43.961225,-75.8078,Watertown,Miser Hill,NY,100,Buffalo|NY,NORMAL
WNG539,162.525,43.1431,-77.8497,Spencerport,Spencerport,NY,175,Buffalo|NY,NORMAL
WZ2536,162.475,43.0658,-77.0361,Lyons,Lyons,NY,250,Buffalo|NY,NORMAL
WXJ93,162.400,40.634167,-84.208056,Lima,Cridersville,OH,1000,Wilmington|OH,NORMAL
KDO94,162.400,41.0644,-81.5833,Akron,Akron,OH,500,Cleveland|OH,NORMAL
WNG698,162.500,41.271472,-82.022611,Grafton,Lorain County,OH,300,Cleveland|OH,NORMAL
WWG57,162.450,40.582861,-82.473611,Mansfield,Butler,OH,300,Cleveland|OH,NORMAL
KHB97,162.400,41.238611,-82.837694,Sandusky,Bellevue,OH,1000,Cleveland|OH,NORMAL
KHB59,162.550,41.522778,-81.328611,Cleveland,Chesterland,OH,750,Cleveland|OH,NORMAL
KZZ32,162.475,41.654389,-80.125944,Meadville,Meadville,PA,300,Cleveland|OH,NORMAL
KZZ46,162.425,39.30825,-82.118083,Athens,Elliottville,OH,1030,Charleston|WV,NORMAL
WXM70,162.500,38.97575,-81.532722,Garfield,Milwood,WV,1000,Charleston|WV,NORMAL
WWF35,162.525,40.061333,-80.757944,Bridgeport,Bridgeport,OH,1100,Pittsburgh|PA,NORMAL
WXJ47,162.475,39.836667,-81.770556,High Hill,High Hill,OH,1000,Pittsburgh|PA,NORMAL
WNG735,162.425,40.435333,-81.507306,New Philadelphia,Tuscarawas County,OH,304,Pittsburgh|PA,NORMAL
WWG56,162.500,41.058889,-80.646111,Youngstown,Youngstown,OH,300,Cleveland|OH,NORMAL
KIG86,162.550,39.9631,-82.9994,Columbus,Columbus,OH,1000,Wilmington|OH,NORMAL
KIH35,162.550,40.446556,-79.963806,Pittsburgh,Pittsburgh,PA,1010,Pittsburgh|PA,NORMAL
KZZ47,162.525,40.933222,-83.379944,Carey,Carey,OH,308,Cleveland|OH,NORMAL
KJY68,162.500,39.329444,-82.802222,Chillicothe,Ross County,OH,300,Wilmington|OH,NORMAL
WNG734,162.400,39.435194,-81.453528,Marietta,Washington County,OH,308,Charleston|WV,NORMAL
WXL48,162.475,36.287667,-98.03675,Enid,Drummond,OK,1050,Norman|OK,NORMAL
KJY77,162.400,34.224944,-95.625167,Antlers,Antlers,OK,323,Tulsa|OK,NORMAL
KWN49,162.500,34.376639,-96.109278,Atoka,Atoka,OK,316,Norman|OK,NORMAL
WXL49,162.475,34.976528,-95.717028,McAlester,McAlester,OK,950,Tulsa|OK,NORMAL
KJY96,162.500,36.764889,-101.209361,Guymon,Hooker,OK,1070,Amarillo|TX,NORMAL
KJY88,162.475,36.418194,-100.802028,Perryton,Perryton,TX,320,Amarillo|TX,NORMAL
WWG46,162.500,36.389139,-99.343639,Woodward,Woodward,OK,1030,Norman|OK,NORMAL
WXK87,162.525,35.582833,-98.989389,Clinton,Arapaho,OK,1000,Norman|OK,NORMAL
WNG713,162.450,35.626389,-100.550278,Miami,Roberts County Area,TX,1000,Amarillo|TX,NORMAL
WXK20,162.550,33.6164,-95.547111,Paris,Paris,TX,1000,Fort Worth-Dallas|TX,NORMAL
WXK22,162.475,33.702833,-96.56825,Sherman,Sherman/Denison,TX,1030,Fort Worth-Dallas|TX,NORMAL
KJY94,162.450,35.04675,-97.775722,Chickasha,Chickasha,OK,345,Norman|OK,NORMAL
WXK86,162.550,34.591902,-98.548877,Lawton,Lawton,OK,1000,Norman|OK,NORMAL
WXK85,162.400,35.5681,-97.489111,Oklahoma City,Oklahoma City,OK,1080,Norman|OK,NORMAL
KXI57,162.525,34.41625,-97.15,Ardmore,Davis,OK,340,Norman|OK,NORMAL
KHA99,162.425,33.64997,-97.339722,Muenster,Muenster,TX,300,Fort Worth-Dallas|TX,NORMAL
WNG632,162.525,35.603556,-95.499306,Oktaha,Oktaha,OK,346,Tulsa|OK,NORMAL
KIH27,162.550,36.021083,-95.656278,Tulsa,Coweta,OK,600,Tulsa|OK,NORMAL
WWQ51,162.525,36.336111,-102.071667,Stratford,Stratford,TX,1000,Amarillo|TX,NORMAL
KJY95,162.550,35.095306,-96.545917,Wewoka,Wewoka,OK,1030,Norman|OK,NORMAL
WXK31,162.475,33.881972,-98.601611,Wichita Falls,Wichita Falls,TX,1000,Norman|OK,NORMAL
WNG654,162.500,36.118083,-97.002,Stillwater,Stillwater,OK,1070,Norman|OK,NORMAL
WWG97,162.425,34.511028,-99.333139,Altus,Altus,OK,316,Norman|OK,NORMAL
KJY97,162.525,34.4389,-100.218722,Childress,Childress,TX,1060,Lubbock|TX,NORMAL
KEC42,162.400,44.002472,-123.116278,Eugene,Blanton Heights,OR,114,Portland|OR,NORMAL
WXL96,162.475,44.846889,-123.110917,Salem,Prospect Hill,OR,100,Portland|OR,NORMAL
KIG98,162.550,45.131167,-122.291472,Portland,Goat Mtn.,OR,330,Portland|OR,NORMAL
KEC91,162.400,46.4214,-123.796056,Astoria,Naselle Ridge,WA,297,Portland|OR,NORMAL
WWF94,162.425,45.743889,-123.940778,Neahkahnie,Neahkahnie Mtn.,OR,100,Portland|OR,NORMAL
WNG604,162.525,45.9933,-122.5964,Davis Peak,Longview,WA,85,Portland|OR,NORMAL
KIH32,162.400,43.390556,-124.131458,Coos Bay,Noah Butte,OR,300,Medford|OR,NORMAL
WWF80,162.500,44.197528,-120.977861,Bend/Redmond,Powell Butte,OR,100,Pendleton|OR,NORMAL
WNG596,162.425,42.73933,-124.51033,Cape Blanco,Port Orford,OR,150,Medford|OR,NORMAL
WZ2509,162.525,43.656875,-124.187375,Reedsport,Winchester Hill,OR,100,Medford|OR,NORMAL
WXL98,162.550,43.119167,-123.242778,Roseburg,Dodson Mtn.,OR,100,Medford|OR,NORMAL
WNG559,162.550,44.960111,-119.951722,Fossil,Fossil,OR,270,Pendleton|OR,NORMAL
WNG560,162.500,44.293889,-119.042222,John Day,Fall Mtn.,OR,300,Pendleton|OR,NORMAL
KHB30,162.475,43.572639,-119.131528,Burns Butte,Harney,OR,130,Boise|ID,NORMAL
WXM34,162.400,45.711858,-121.11673,The Dalles,Columbia Gorge,OR,291,Pendleton|OR,NORMAL
WXL85,162.400,42.42794,-123.002217,Medford,Nugget Butte,OR,500,Medford|OR,NORMAL
WNG674,162.500,44.124278,-124.013056,Florence,Herman Peak,OR,116,Portland|OR,NORMAL
KIH33,162.550,44.756111,-124.049722,Newport,Otter Rock,OR,500,Portland|OR,NORMAL
WNG697,162.525,45.207889,-123.760111,Mt Hebo,Tillamook Hospital,OR,110,Portland|OR,NORMAL
WWH28,162.425,45.350333,-119.509722,Heppner,Robinson Hill,OR,100,Pendleton|OR,NORMAL
WWH27,162.425,45.980333,-119.295861,Plymouth,Sillusi Butte,WA,100,Pendleton|OR,NORMAL
WWF95,162.475,45.466139,-123.920917,Tillamook,Cape Mears,OR,100,Portland|OR,NORMAL
WZ2522,162.475,45.281186,-118.94966,Carney Butte,Carney Butte,OR,100,Pendleton|OR,NORMAL
WXL95,162.400,45.747009,-118.03772,Spout Springs,Spout Springs,OR,300,Pendleton|OR,NORMAL
WZ2559,162.425,45.42636,-117.29603,Enterprise,Enterprise,OR,100,Pendleton|OR,NORMAL
WXL40,162.550,40.345235,-76.868997,Harrisburg,Blue Mtn.,PA,1000,State College|PA,NORMAL
WWG53,162.425,41.139861,-79.754028,Parker,Parker,PA,1000,Pittsburgh|PA,NORMAL
KZZ42,162.500,41.0719,-78.9392,Reynoldsville,Reynoldsville,PA,300,Pittsburgh|PA,NORMAL
WNG589,162.425,40.568181,-78.440874,Altoona,Frankstown,PA,300,State College|PA,NORMAL
WWG52,162.525,40.293735,-77.966444,Huntingdon,Three Springs,PA,1000,State College|PA,NORMAL
WXM33,162.400,40.371218,-78.982065,Johnstown,Laurel Hill,PA,250,State College|PA,NORMAL
WXL52,162.550,41.122592,-78.44116,Clearfield,Clearfield,PA,500,State College|PA,NORMAL
WXL43,162.550,41.182778,-75.873889,Wilkes-Barre,Penobscot Knob,PA,500,Binghamton|NY,NORMAL
WXM59,162.475,40.752628,-77.754144,State College,Little Flat Mtn.,PA,100,State College|PA,NORMAL
WXL55,162.400,41.190185,-76.979783,Williamsport,Montoursvil,PA,1000,State College|PA,OUT OF SERVICE
WWG51,162.450,41.745365,-79.264713,Warren,Youngsville,PA,1000,State College|PA,NORMAL
KWN35,162.475,39.6084,-79.9878,Morgantown,Harmony Grove,WV,340,Pittsburgh|PA,NORMAL
WNG591,162.500,41.75969,-77.876011,Coudersport,Coudersport,PA,500,State College|PA,OUT OF SERVICE
WXM94,162.475,41.737033,-77.363552,Wellsboro,Wellsboro,PA,1000,State College|PA,NORMAL
WXJ68,162.550,18.1481,-66.9831,Maricao,Monte Del Estado,PR,1000,San Juan|PR,NORMAL
WXJ69,162.400,18.265,-66.085,San Juan,Aguas Buenas,PR,1000,San Juan|PR,NORMAL
KHA35,162.525,33.543083,-80.824229,Orangeburg,Orangeburg,SC,300,Columbia|SC,NORMAL
KHB29,162.550,32.9244,-79.699444,Charleston,Awendaw,SC,1000,Charleston|SC,NORMAL
WXM93,162.475,33.3686,-80.116434,Cross,Cross,SC,100,Charleston|SC,NORMAL
WXJ20,162.400,34.118611,-80.936667,Columbia,West Columbia,SC,1000,Columbia|SC,NORMAL
WXJ22,162.550,34.280109,-79.742858,Florence,Pockett Rd.,SC,1000,Wilmington|NC,NORMAL
WWG77,162.425,33.881111,-80.270556,Sumter,Sumter,SC,300,Columbia|SC,NORMAL
WNG628,162.500,33.444949,-79.300595,Georgetown,Georgetown,SC,300,Wilmington|NC,NORMAL
WWH36,162.450,43.697917,-98.044222,Mitchell,Mitchell,SD,1010,Sioux Falls|SD,NORMAL
WXM27,162.550,44.3997,-98.8011,Wessington,Wessington,SD,1010,Sioux Falls|SD,NORMAL
KZZ59,162.500,43.178889,-102.324444,Porcupine,Porcupine Butte,SD,1000,Rapid City|SD,NORMAL
KXI71,162.525,44.355278,-97.123889,Arlington,Arlington,SD,1060,Sioux Falls|SD,NORMAL
KZZ60,162.525,43.965833,-99.603333,Reliance,Medicine Butte,SD,1000,Aberdeen|SD,NORMAL
WXM26,162.400,44.4233,-100.354167,Pierre,Presho Tower,SD,700,Aberdeen|SD,NORMAL
WNG551,162.425,45.421111,-101.285833,Firesteel,Standing Rock,SD,1000,Aberdeen|SD,NORMAL
WNG661,162.475,43.8325,-104.218889,Newcastle,Newcastle,WY,300,Rapid City|SD,NORMAL
WXM63,162.550,44.1144,-103.2433,Rapid City,Cabot Hill,SD,1000,Rapid City|SD,NORMAL
KXI59,162.450,43.981111,-101.642778,Philip,Philip,SD,1000,Rapid City|SD,NORMAL
WNG558,162.550,43.576389,-100.743333,White River,White River,SD,1000,Rapid City|SD,NORMAL
WNG557,162.475,45.053889,-102.263056,Faith,Faith,SD,1000,Rapid City|SD,NORMAL
WXK46,162.475,35.9991,-83.9497,Knoxville,Sharps Ridge,TN,1000,Morristown|TN,NORMAL
WNG732,162.450,36.1981,-84.2308,La Follette,Cross Mountain/Briceville,TN,250,Morristown|TN,NORMAL
WXK63,162.475,35.7025,-86.195833,Shelbyville,Beech Grove,TN,1000,Nashville|TN,OUT OF SERVICE
KWN52,162.525,35.7658,-87.8317,Lobelville,Lobelville,TN,1020,Nashville|TN,NORMAL
WXK62,162.400,36.110556,-87.667222,Waverly,McEwen,TN,1000,Nashville|TN,NORMAL
WNG629,162.450,35.748917,-85.46725,Spencer,Hollow Rock,TN,1050,Nashville|TN,NORMAL
WXN74,162.500,36.1447,-85.9111,Hickman,Hickman,TN,991,Nashville|TN,NORMAL
WXK60,162.550,35.529694,-88.777083,Jackson,Norton Hill,TN,850,Memphis|TN,NORMAL
KIG79,162.550,36.164083,-86.78475,Nashville,Nashville,TN,1020,Nashville|TN,NORMAL
WXK61,162.400,36.171333,-85.231278,Cookeville,Anderson,TN,1000,Nashville|TN,NORMAL
WWF84,162.425,35.459186,-87.130111,Lawrenceburg,Flanigan Hill,TN,1000,Nashville|TN,OUT OF SERVICE
KWN53,162.450,35.736639,-87.373806,Centerville,Hickman County,TN,308,Nashville|TN,NORMAL
KXI87,162.525,32.076536,-96.490889,Corsicana,Corsicana,TX,1040,Fort Worth-Dallas|TX,NORMAL
KWN34,162.450,31.717806,-95.649667,Palestine,Palestine,TX,1010,Fort Worth-Dallas|TX,NORMAL
WXK36,162.475,32.4856,-95.4831,Tyler,Lindale,TX,1000,Shreveport|LA,NORMAL
WXK32,162.400,31.845186,-102.469992,Midland/Odessa,Odessa,TX,700,Midland/Odessa|TX,NORMAL
WXK23,162.550,31.296111,-94.714167,Lufkin,Lufkin,TX,1000,Shreveport|LA,NORMAL
KHB41,162.550,28.00513,-97.09667,Corpus Christi,Rockport,TX,1250,Corpus Christi|TX,NORMAL
WXL26,162.475,28.438472,-96.448778,Port O'Connor,Port O'Connor,TX,100,Corpus Christi|TX,NORMAL
WNG722,162.425,33.158611,-99.175,Throckmorton,Throckmorton,TX,1000,San Angelo|TX,NORMAL
WXK38,162.550,35.374889,-101.882611,Amarillo,Amarillo,TX,950,Amarillo|TX,NORMAL
WXK67,162.550,29.685389,-98.449611,San Antonio,San Antonio,TX,1000,Austin/San Antonio|TX,NORMAL
WXK30,162.550,30.6431,-96.3314,Bryan,College Station,TX,1000,Houston/Galveston|TX,NORMAL
WWG55,162.500,29.951306,-96.774389,La Grange,Rutersville,TX,800,Austin/San Antonio|TX,NORMAL
KJY78,162.450,29.313889,-96.334444,New Taiton,El Campo,TX,1000,Houston/Galveston|TX,NORMAL
WWF90,162.450,30.009861,-99.262778,Kerrville,Ingram,TX,1000,Austin/San Antonio|TX,NORMAL
WXK27,162.400,30.3219,-97.8033,Austin,Austin,TX,1010,Austin/San Antonio|TX,NORMAL
WNG696,162.450,28.335,-98.171389,Three Rivers,George West (AG),TX,1000,Corpus Christi|TX,NORMAL
WNG649,162.525,30.72573,-96.808611,Milano,Milano,TX,300,Fort Worth-Dallas|TX,NORMAL
WXK35,162.475,31.314833,-97.326972,Waco,Moody,TX,1040,Fort Worth-Dallas|TX,NORMAL
WWF91,162.425,30.599111,-98.624389,Llano,Fowler Hill,TX,1000,Austin/San Antonio|TX,NORMAL
WXK37,162.475,32.2818,-101.493099,Big Spring,Big Spring,TX,950,Midland/Odessa|TX,NORMAL
KEC56,162.400,32.901278,-96.6872,Dallas,Dallas,TX,1040,Fort Worth-Dallas|TX,NORMAL
KEC55,162.550,32.536694,-97.413,Fort Worth,Crowley,TX,1050,Fort Worth-Dallas|TX,NORMAL
KWN33,162.450,32.12853,-98.303333,Stephenville,Dublin,TX,1090,Fort Worth-Dallas|TX,NORMAL
WWG40,162.425,28.980278,-95.999722,Bay City,Bay City,TX,1000,Houston/Galveston|TX,NORMAL
KHB40,162.550,29.293528,-94.833472,Galveston,Galveston,TX,1000,Houston/Galveston|TX,NORMAL
KGG68,162.400,30.0964,-95.6564,Tomball,Tomball,TX,1000,Houston/Galveston|TX,NORMAL
KJY69,162.550,30.319167,-103.617778,Alpine,Alpine,TX,1000,Midland/Odessa|TX,NORMAL
WNG561,162.450,34.220556,-101.715833,Plainview,Hale County,TX,1000,Lubbock|TX,NORMAL
WNG609,162.525,27.292222,-97.8075,Riviera,Kingsville,TX,1030,Corpus Christi|TX,NORMAL
WNG636,162.500,32.3514,-99.018333,Cisco,Cisco,TX,1090,Fort Worth-Dallas|TX,NORMAL
WXN89,162.475,32.033611,-99.420556,Coleman,Novice,TX,300,San Angelo|TX,NORMAL
WWG94,162.525,31.2525,-99.002778,Richland Springs,Richland Springs,TX,1000,San Angelo|TX,NORMAL
KXI56,162.525,29.546667,-97.406667,Gonzales,Gonzales,TX,1000,Austin/San Antonio|TX,NORMAL
WNG641,162.475,29.65475,-97.82425,Seguin,Kingsbury,TX,1010,Austin/San Antonio|TX,NORMAL
WXK34,162.400,28.8356,-97.116667,Victoria,Victoria,TX,1000,Corpus Christi|TX,NORMAL
WXK29,162.400,32.275556,-99.590278,Abilene,Clyde,TX,1000,San Angelo|TX,NORMAL
WWG34,162.550,25.910278,-97.5305,Brownsville,Brownsville,TX,317,Brownsville/Rio Grande Valley|TX,NORMAL
WZ2541,162.475,26.1861,-98.1886,Pharr Spanish,Pharr,TX,300,Brownsville/Rio Grande Valley|TX,NORMAL
KHB33,162.400,26.211222,-98.18875,Pharr,Pharr,TX,1000,Brownsville/Rio Grande Valley|TX,NORMAL
WZ2542,162.450,26.0814,-97.8283,Santa Maria Spanish,Santa Maria,TX,300,Brownsville/Rio Grande Valley|TX,NORMAL
KWN32,162.425,32.727278,-94.917639,Gilmer,Longview,TX,1060,Shreveport|LA,NORMAL
KXI88,162.400,35.844021,-101.446305,Stinnett,Stinnett,TX,300,Amarillo|TX,NORMAL
WNG653,162.525,33.196944,-94.474722,Marietta,Mt. Pleasant,TX,300,Shreveport|LA,NORMAL
WXK28,162.475,30.13327,-94.11866,Beaumont,Beaumont,TX,1000,Lake Charles|LA,NORMAL
WXK79,162.400,33.7372,-101.7492,Lubbock,New Deal,TX,1000,Lubbock|TX,NORMAL
WXK33,162.550,31.623278,-100.437722,San Angelo,San Angelo,TX,1000,San Angelo|TX,NORMAL
KWN31,162.500,33.140405,-95.80875,Cumby,Greenville,TX,1060,Fort Worth-Dallas|TX,NORMAL
WZ2507,162.500,33.654139,-100.846194,Dickens,Dickens County,TX,309,Lubbock|TX,NORMAL
WXL44,162.500,30.739861,-101.270528,Ozona,Ozona,TX,304,San Angelo|TX,NORMAL
WZ2503,162.525,31.890043,-104.811221,Guadalupe Mt Nat'l. Park,Guadalupe Peak,TX,325,Midland/Odessa|TX,NORMAL
WNG692,162.550,28.5331,-99.881389,Carrizo Springs,Carrizo Springs,TX,500,Austin/San Antonio|TX,NORMAL
WNG651,162.525,32.855,-98.087222,Mineral Wells,Palo Pinto,TX,300,Fort Worth-Dallas|TX,NORMAL
KWN37,162.425,32.346361,-100.352,Sweetwater,Sweetwater,TX,335,San Angelo|TX,NORMAL
WZ2572,162.475,29.5817,-95.7606,Richmond,Fort Bend County,TX,100,Houston/Galveston|TX,NORMAL
WNG600,162.525,29.320833,-99.331944,D'Hanis,D'Hanis,TX,300,Austin/San Antonio|TX,NORMAL
WNG523,162.500,28.675472,-99.188972,Dilley,Dilley,TX,294,Austin/San Antonio|TX,NORMAL
KXI55,162.500,30.849722,-95.1097,Onalaska,Onalaska,TX,1000,Houston/Galveston|TX,NORMAL
WNG695,162.450,31.200611,-103.353444,Pecos,Pecos,TX,1030,Midland/Odessa|TX,NORMAL
WWG93,162.475,30.478056,-99.752778,Junction,Junction,TX,1000,San Angelo|TX,NORMAL
WXJ98,162.400,29.4681,-101.01145,Del Rio,Amistad Village,TX,1000,Austin/San Antonio|TX,NORMAL
WNG650,162.525,31.726389,-94.257778,Center,Timpson,TX,300,Shreveport|LA,NORMAL
WNG601,162.425,26.405,-98.776111,Rio Grande City,Rio Grande City,TX,600,Brownsville/Rio Grande Valley|TX,NORMAL
KWN51,162.425,29.247028,-99.796111,Uvalde,Uvalde,TX,1010,Austin/San Antonio|TX,NORMAL
WXK26,162.475,27.5203,-99.5222,Laredo,Laredo,TX,500,Corpus Christi|TX,NORMAL
WXM24,162.400,38.5197,-113.2867,Milford/Cedar City,Frisco Peak,UT,100,Salt Lake City|UT,NORMAL
KEC78,162.550,40.6272,-112.0572,Salt Lake City,Bacchus,UT,300,Salt Lake City|UT,NORMAL
WWF46,162.450,40.4597,-112.41,Tooele (South Mountain),South Mountain,UT,100,Salt Lake City|UT,NORMAL
WNG669,162.500,39.21,-111.1425,Castle Dale,Horn Mountain,UT,100,Salt Lake City|UT,NORMAL
KXI34,162.550,41.430556,-109.120278,Rock Springs,Rock Springs,WY,300,Riverton|WY,NORMAL
WWF47,162.525,40.1272,-112.380833,Tooele (Vernon Hills),Vernon Hills,UT,120,Salt Lake City|UT,NORMAL
KJY79,162.550,40.355278,-110.7994,Tabiona,Mount Tabby,UT,300,Salt Lake City|UT,NORMAL
WXM23,162.400,40.41391,-109.593289,Vernal,Asphalt Ridge,UT,300,Grand Junction|CO,NORMAL
WNG556,162.475,38.528889,-109.323611,Moab,Bald Mesa,UT,300,Grand Junction|CO,NORMAL
KJY61,162.425,37.756389,-111.874722,Escalante,Barney Top Mountain,UT,75,Salt Lake City|UT,NORMAL
WNG594,162.425,39.321944,-111.770833,Manti,Sevier Valley,UT,150,Salt Lake City|UT,NORMAL
KJY60,162.475,40.854444,-111.481111,Coalville/ Park City,Lewis Peak,UT,100,Salt Lake City|UT,NORMAL
KXI85,162.450,41.3525,-110.9072,Evanston,Medicine Butte,WY,300,Salt Lake City|UT,NORMAL
KZZ28,162.450,37.876528,-78.690972,Covesville,Mt. Oliver,VA,980,Baltimore/Washington|VA,NORMAL
WXM72,162.425,37.77359,-80.7055,Hinton,Keeney Mtn.,WV,1000,Blacksburg|VA,NORMAL
WXK65,162.475,37.503056,-77.541667,Richmond,Sandston,VA,1000,Wakefield|VA,NORMAL
WXL92,162.550,37.43665,-79.1241,Lynchburg,Madison Heights,VA,1000,Blacksburg|VA,NORMAL
WXM75,162.475,37.641389,-81.993889,Gilbert,Horsepen Mtn.,WV,500,Charleston|WV,NORMAL
KAE42,162.500,37.4906,-77.0569,Providence Forge,New Kent County,VA,1000,Wakefield|VA,NORMAL
WXM71,162.550,37.590556,-81.115,Beckley,Flat Top,WV,1000,Charleston|WV,NORMAL
WZ2543,162.425,37.0683,-81.7706,Richlands,Steeleburg,VA,300,Blacksburg|VA,NORMAL
WZ2561,162.450,18.3283,-64.8592,St. Thomas,Charlotte Amalie,VI,300,San Juan|PR,NORMAL
WWF56,162.450,46.397387,-119.599561,Richland,Richland,WA,300,Pendleton|OR,NORMAL
WWF49,162.525,48.545556,-119.235556,Okanogan,Tunk Mtn.,WA,50,Spokane|WA,NORMAL
WXM48,162.475,47.549849,-120.371015,Wenatchee,Birch Mtn,WA,100,Spokane|WA,NORMAL
KXI27,162.425,47.749167,-124.177778,Forks,Clearwater,WA,330,Seattle/Tacoma|WA,NORMAL
KIH36,162.550,48.370694,-124.673028,Neah Bay,Bohokus Peak,WA,303,Seattle/Tacoma|WA,NORMAL
WWG24,162.425,48.016028,-122.927194,Puget Sound Marine,Port Townsend,WA,90,Seattle/Tacoma|WA,NORMAL
KZZ73,162.525,46.353556,-117.717167,Dayton,Patit,WA,300,Pendleton|OR,NORMAL
WXM62,162.475,46.975222,-123.139167,Capitol Peak,Olympia,WA,284,Seattle/Tacoma|WA,NORMAL
KHB60,162.550,47.5436,-122.108694,Seattle,Cougar Mtn.,WA,102,Seattle/Tacoma|WA,NORMAL
WXN21,162.400,47.137333,-120.869667,Cle Elum,Sky Meadows,WA,40,Pendleton|OR,NORMAL
KIG75,162.550,46.6405,-120.39725,Yakima,Ahtanum Ridge,WA,300,Pendleton|OR,NORMAL
WZ2502,162.425,46.535278,-121.768861,Randle,Bennett Road,WA,114,Seattle/Tacoma|WA,NORMAL
KAD93,162.525,48.996278,-122.649167,H Street - Blaine Area,H Street - Blaine Area,WA,124,Seattle/Tacoma|WA,NORMAL
KHA47,162.450,43.427778,-89.653889,Baraboo,Baraboo,WI,300,Milwaukee/Sullivan|WI,NORMAL
WWF40,162.400,44.020278,-89.558056,Coloma,Coloma,WI,1000,Green Bay|WI,NORMAL
KE2XKP,162.525,43.8956,-90.585,Tomah,Tomah,WI,300,La Crosse|WI,NORMAL
WXM91,162.500,45.945278,-90.274444,Park Falls,Park Falls,WI,1000,Duluth|MN,NORMAL
WNG577,162.550,45.555833,-90.965028,Ladysmith,Rusk County,WI,1020,Twin Cities/Chanhassen|MN,NORMAL
WXJ88,162.400,45.046944,-91.863333,Menomonie,Wheeler,WI,1000,Twin Cities/Chanhassen|MN,NORMAL
KIG65,162.550,44.409722,-88.001389,Green Bay,De Pere,WI,1000,Green Bay|WI,NORMAL
WWG87,162.500,43.815833,-88.320278,Fond Du Lac,Fond Du Lac,WI,1000,Milwaukee/Sullivan|WI,NORMAL
KZZ77,162.425,44.914167,-90.657222,Withee,Withee,WI,1000,La Crosse|WI,NORMAL
WNG564,162.500,44.375,-90.8419,Black River Falls,Jackson County,WI,300,La Crosse|WI,NORMAL
WXJ89,162.475,44.9206,-89.6919,Wausau,Marathon,WI,1000,Green Bay|WI,NORMAL
WXJ87,162.550,43.055833,-89.535,Madison,Middleton Junction,WI,1000,Milwaukee/Sullivan|WI,NORMAL
KEC60,162.400,43.028272,-88.392525,Milwaukee,Delafield,WI,1000,Milwaukee/Sullivan|WI,NORMAL
WWG88,162.450,45.572222,-88.883889,Crandon,Crandon,WI,750,Green Bay|WI,NORMAL
WWG91,162.525,43.765556,-87.766389,Sheboygan,Sheboygan,WI,200,Milwaukee/Sullivan|WI,NORMAL
WNG565,162.400,45.726111,-89.415,Rhinelander,Oneida County,WI,1000,Green Bay|WI,NORMAL
KC2XBZ,162.500,44.8167,-88.8181,Gresham,Gresham,WI,300,Green Bay|WI,NORMAL
WNG552,162.525,44.4175,-88.9175,New London,Manawa/Ogdensburg,WI,1000,Green Bay|WI,NORMAL
WWG89,162.475,43.498889,-90.541111,Richland Center,Ash Ridge,WI,200,La Crosse|WI,NORMAL
WXJ85,162.550,39.300003,-80.291309,Clarksburg,Bridgeport,WV,1000,Charleston|WV,NORMAL
WXJ84,162.400,38.356833,-81.605333,Charleston,Charleston,WV,1000,Charleston|WV,NORMAL
WXM74,162.450,38.7114,-80.681944,Sutton,Flatwood Mountain,WV,1030,Charleston|WV,NORMAL
KXI74,162.525,38.5658,-80.151944,Monterville,Point Mountain,WV,300,Charleston|WV,NORMAL
WXM37,162.550,41.288056,-105.445,Cheyenne,Pole Mtn.,WY,1000,Cheyenne|WY,NORMAL
WNG568,162.525,44.195556,-107.511944,Worland,Greybull,WY,300,Riverton|WY,NORMAL
WNG660,162.500,44.243056,-105.538611,Gillette,Campbell County,WY,1000,Rapid City|SD,NORMAL
KXI37,162.425,41.6794,-107.2364,Rawlins,Elk Mtn.,WY,300,Cheyenne|WY,NORMAL
WXM47,162.400,42.734167,-106.333333,Casper,Casper Mtn.,WY,1000,Riverton|WY,NORMAL
WNG571,162.450,42.346111,-105.035278,Glendo,Glendo Reservoir,WY,1000,Cheyenne|WY,NORMAL
WNG723,162.450,43.499722,-109.6881,Dubois,Dubois,WY,300,Riverton|WY,NORMAL
WXM61,162.475,42.815539,-108.734083,Lander,Lander,WY,300,Riverton|WY,NORMAL
WNG573,162.500,43.437222,-107.997222,Thermopolis,Shoshoni,WY,300,Riverton|WY,NORMAL
WNG662,162.550,43.719909,-106.651011,Kaycee,Johnson County,WY,300,Riverton|WY,NORMAL
WNG569,162.475,42.8508,-110.9808,Afton,Star Valley,WY,300,Riverton|WY,NORMAL
KJY75,162.525,41.838611,-110.504722,Kemmerer,Kemmerer,WY,300,Riverton|WY,NORMAL
WNG679,162.500,42.844444,-109.924167,Pinedale,Pinedale,WY,300,Riverton|WY,NORMAL
KWN39,162.525,43.46306,-110.7633,Jackson,Snow King Mountain Resort,WY,300,Riverton|WY,NORMAL
